engine_id,cycle,RUL,calculated_health,LR_Pred,RF_Pred,GB_Pred
1,33,21,0.0086411567429255,28.00863913656081,35.88878554451895,33.42199113367423
1,34,20,0.0086238709415135,26.114346271026196,33.205559377559375,34.16769758530283
1,35,19,0.0086062878682548,24.186883487071746,34.34,33.610881388996475
1,36,18,0.0085884113776248,22.226642613349586,34.34,33.610881388996475
1,37,17,0.0085702451832708,20.23400000018248,34.34,33.610881388996475
1,38,16,0.0085517928673201,18.209317536368005,34.34,33.610881388996475
1,39,15,0.0085330578888441,16.152943573959433,34.34,33.610881388996475
1,40,14,0.0085140435915757,14.065213771524618,34.34,33.610881388996475
1,41,13,0.0084947532109619,11.946451864936371,34.34,33.610881388996475
1,42,12,0.008475189880624,9.796970373556164,34.34,33.610881388996475
1,43,11,0.0084553566382895,7.6170712486480525,34.34,33.610881388996475
1,44,10,0.0084352564312478,5.407046469986817,34.34,33.610881388996475
1,45,9,0.0084148921213805,3.1671785958974183,34.34,33.610881388996475
1,46,8,0.0083942664898061,0.8977412713188571,34.34,33.610881388996475
1,47,7,0.008373382241178,-1.401000302054662,34.34,33.610881388996475
1,48,6,0.0083522420076672,-3.7287889299732626,34.34,33.610881388996475
1,49,5,0.0083308483526605,-6.085375020992707,34.34,33.610881388996475
1,50,4,0.0083092037741979,-8.470516210177813,34.34,33.610881388996475
1,51,3,0.0082873107081748,-10.88397700863188,34.34,33.610881388996475
1,52,2,0.0082651715313273,-13.325528476600553,34.34,33.610881388996475
1,53,1,0.0082427885640206,-15.794947918146477,34.34,33.610881388996475
1,54,0,0.0082201640728559,-18.292018595580373,34.34,33.610881388996475
2,43,28,0.0086179556385814,25.465975417501262,39.38,36.320881388996476
2,44,27,0.0086054412911811,24.094066307801974,34.34,33.610881388996475
2,45,26,0.0085928064965427,22.70864535964752,34.34,33.610881388996475
2,46,25,0.0085800529019418,21.309884211150344,34.34,33.610881388996475
2,47,24,0.0085671821004157,19.89794861777931,34.34,33.610881388996475
2,48,23,0.0085541956337362,18.472998775467985,34.34,33.610881388996475
2,49,22,0.0085410949951603,17.035189619583257,34.34,33.610881388996475
2,50,21,0.0085278816319793,15.584671102010972,34.34,33.610881388996475
2,51,20,0.0085145569478856,14.121588448373622,34.34,33.610881388996475
2,52,19,0.0085011223051734,12.646082397165536,34.34,33.610881388996475
2,53,18,0.0084875790267875,11.158289422400188,34.34,33.610881388996475
2,54,17,0.0084739283982334,9.65834194119973,34.34,33.610881388996475
2,55,16,0.0084601716693616,8.146368507606773,34.34,33.610881388996475
2,56,15,0.0084463100560347,6.622493993765616,34.34,33.610881388996475
2,57,14,0.0084323447416887,5.08683975950801,34.34,33.610881388996475
2,58,13,0.0084182768787958,3.53952381127975,34.34,33.610881388996475
2,59,12,0.0084041075902369,1.9806609512479199,34.34,33.610881388996475
2,60,11,0.0083898379705915,0.41036291735213126,34.34,33.610881388996475
2,61,10,0.0083754690873494,-1.1712614850036402,34.34,33.610881388996475
2,62,9,0.0083610019820527,-2.7641062589966694,34.34,33.610881388996475
2,63,8,0.0083464376713707,-4.368068099590282,34.34,33.610881388996475
2,64,7,0.0083317771481148,-5.98304628337992,34.34,33.610881388996475
2,65,6,0.0083170213821957,-7.608942564604654,34.34,33.610881388996475
2,66,5,0.0083021713215286,-9.245661076886414,34.34,33.610881388996475
2,67,4,0.0082872278928891,-10.893108240303931,34.34,33.610881388996475
2,68,3,0.0082721920027233,-12.551192673430208,34.34,33.610881388996475
2,69,2,0.0082570645379155,-14.21982511000509,34.34,33.610881388996475
2,70,1,0.0082418463665161,-15.898918319930331,34.34,33.610881388996475
2,71,0,0.008226538338432,-17.588387034305427,34.34,33.610881388996475
3,46,29,0.0086350407161624,27.338470354088564,36.526971756371246,33.794269739871076
3,47,28,0.008622630232333,25.978358900882025,31.426757575757573,34.16769758530283
3,48,27,0.0086100702166492,24.60155637837947,34.34,33.610881388996475
3,49,26,0.0085973621320264,23.208212097359873,34.34,33.610881388996475
3,50,25,0.0085845074014893,21.79847099446918,34.34,33.610881388996475
3,51,24,0.0085715074101293,20.372473845809917,34.34,33.610881388996475
3,52,23,0.0085583635069282,18.93035746609138,34.34,33.610881388996475
3,53,22,0.0085450770064614,17.47225489458001,34.34,33.610881388996475
3,54,21,0.0085316491904906,15.99829556895552,34.34,33.610881388996475
3,55,20,0.0085180813094538,14.508605488073613,34.34,33.610881388996475
3,56,19,0.0085043745838627,13.00330736452954,34.34,33.610881388996475
3,57,18,0.0084905302056133,11.482520767836093,34.34,33.610881388996475
3,58,17,0.0084765493392179,9.946362258947289,34.34,33.610881388996475
3,59,16,0.0084624331229633,8.394945516793243,34.34,33.610881388996475
3,60,15,0.0084481826700013,6.828381457426026,34.34,33.610881388996475
3,61,14,0.0084337990693767,5.246778346327716,34.34,33.610881388996475
3,62,13,0.0084192833869974,3.6502419043776655,34.34,33.610881388996475
3,63,12,0.0084046366665499,2.0388754079336877,34.34,33.610881388996475
3,64,11,0.0083898599303652,0.4127797834435114,34.34,33.610881388996475
3,65,10,0.0083749541802379,-1.2279463030327733,34.34,33.610881388996475
3,66,9,0.0083599203982017,-2.8832063610437046,34.34,33.610881388996475
3,67,8,0.0083447595472646,-4.552905995386993,34.34,33.610881388996475
3,68,7,0.0083294725721063,-6.2369528298814885,34.34,33.610881388996475
3,69,6,0.0083140603997398,-7.935256434994237,34.34,33.610881388996475
3,70,5,0.0082985239401404,-9.647728259081276,34.34,33.610881388996475
3,71,4,0.0082828640868436,-11.37428156300588,34.34,33.610881388996475
3,72,3,0.0082670817175138,-13.114831357927557,34.34,33.610881388996475
3,73,2,0.008251177694486,-14.869294346063455,34.34,33.610881388996475
3,74,1,0.0082351528652817,-16.6375888642433,34.34,33.610881388996475
3,75,0,0.008219008063101,-18.41963483008624,34.34,33.610881388996475
4,44,29,0.0086147211342911,25.11141578294668,34.34,33.610881388996475
4,45,28,0.0086024206007003,23.76287195841058,34.34,33.610881388996475
4,46,27,0.0085900118065044,22.402162360016334,34.34,33.610881388996475
4,47,26,0.0085774962679054,21.02944530256003,34.34,33.610881388996475
4,48,25,0.0085648754512511,19.644873700750466,34.34,33.610881388996475
4,49,24,0.0085521507757365,18.248595362579223,34.34,33.610881388996475
4,50,23,0.0085393236159054,16.840753261066943,34.34,33.610881388996475
4,51,22,0.008526395303972,15.421485786375769,34.34,33.610881388996475
4,52,21,0.0085133671319778,13.990926980070995,34.34,33.610881388996475
4,53,20,0.0085002403537998,12.549206753113836,34.34,33.610881388996475
4,54,19,0.0084870161870206,11.096451089001654,34.34,33.610881388996475
4,55,18,0.008473695814675,9.632782233325663,34.34,33.610881388996475
4,56,17,0.008460280386881,8.158318870887861,34.34,33.610881388996475
4,57,16,0.0084467710223666,6.673176291396807,34.34,33.610881388996475
4,58,15,0.0084331688098994,5.177466544672896,34.34,33.610881388996475
4,59,14,0.0084194748096275,3.671298586193238,34.34,33.610881388996475
4,60,13,0.0084056900543391,2.1547784137342276,34.34,33.610881388996475
4,61,12,0.0083918155506452,0.6280091957943128,34.34,33.610881388996475
4,62,11,0.0083778522800936,-0.9089086075815302,34.34,33.610881388996475
4,63,10,0.0083638012002173,-2.455877131006851,34.34,33.610881388996475
4,64,9,0.0083496632455236,-4.01280099647947,34.34,33.610881388996475
4,65,8,0.0083354393284271,-5.579587212153292,34.34,33.610881388996475
4,66,7,0.0083211303401312,-7.156145076728983,34.34,33.610881388996475
4,67,6,0.0083067371514609,-8.742386089072063,34.34,33.610881388996475
4,68,5,0.0082922606136521,-10.338223862695322,34.34,33.610881388996475
4,69,4,0.0082777015590975,-11.943574044780533,34.34,33.610881388996475
4,70,3,0.008263060802055,-13.558354239430457,34.34,33.610881388996475
4,71,2,0.0082483391393186,-15.18248393487957,34.34,33.610881388996475
4,72,1,0.0082335373508558,-16.81588443439776,34.34,33.610881388996475
4,73,0,0.0082186562004131,-18.458478790659683,34.34,33.610881388996475
5,37,23,0.008611166626087,24.721754637147114,34.34,33.610881388996475
5,38,22,0.0085962224492694,23.083239319752966,34.34,33.610881388996475
5,39,21,0.0085811072445141,21.425532067319832,34.34,33.610881388996475
5,40,20,0.0085658236674841,19.74890886579807,34.34,33.610881388996475
5,41,19,0.0085503742742171,18.053634891316868,34.34,33.610881388996475
5,42,18,0.0085347615273641,16.339965188450854,34.34,33.610881388996475
5,43,17,0.0085189878018965,14.608145290700023,34.34,33.610881388996475
5,44,16,0.0085030553903394,12.858411789342753,34.34,33.610881388996475
5,45,15,0.0084869665075788,11.09099285603913,34.34,33.610881388996475
5,46,14,0.0084707232952877,9.306108723894646,34.34,33.610881388996475
5,47,13,0.0084543278260079,7.503972131123412,34.34,33.610881388996475
5,48,12,0.0084377821069216,5.684788730954821,34.34,33.610881388996475
5,49,11,0.0084210880833424,3.848757471007495,34.34,33.610881388996475
5,50,10,0.0084042476419514,1.9960709449827903,34.34,33.610881388996475
5,51,9,0.0083872626138029,0.1269157192136987,34.34,33.610881388996475
5,52,8,0.0083701347771186,-1.7585273636720018,34.34,33.610881388996475
5,53,7,0.0083528658598908,-3.6600829019588232,34.34,33.610881388996475
5,54,6,0.0083354575423097,-5.577580671121538,34.34,33.610881388996475
5,55,5,0.0083179114590306,-7.510855377550996,34.34,33.610881388996475
5,56,4,0.0083002292012934,-9.459746428281903,34.34,33.610881388996475
5,57,3,0.0082824123189077,-11.424097715409765,34.34,33.610881388996475
5,58,2,0.0082644623221134,-13.403757414020347,34.34,33.610881388996475
5,59,1,0.0082463806833261,-15.398577792565064,34.34,33.610881388996475
5,60,0,0.0082281688387781,-17.408415034714253,34.34,33.610881388996475
6,55,36,0.0086222205340148,25.93345344758787,41.17666666666666,39.01978138899647
6,56,35,0.0086122778756477,24.843577429605013,34.34,33.610881388996475
6,57,34,0.0086022548203583,23.74469496952363,34.34,33.610881388996475
6,58,33,0.0085921521918138,22.636891611671007,34.34,33.610881388996475
6,59,32,0.0085819707926953,21.520250620861816,34.34,33.610881388996475
6,60,31,0.0085717114056029,20.394853080905392,34.34,33.610881388996475
6,61,30,0.0085613747939084,19.26077798727878,34.34,33.610881388996475
6,62,29,0.008550961702557,18.11810233440226,34.34,33.610881388996475
6,63,28,0.0085404728588242,16.96690119791284,34.34,33.610881388996475
6,64,27,0.0085299089730293,15.80724781229602,34.34,33.610881388996475
6,65,26,0.0085192707392098,14.639213644210422,34.34,33.610881388996475
6,66,25,0.0085085588357588,13.4628684618041,34.34,33.610881388996475
6,67,24,0.0084977739260277,12.2782804002984,34.34,33.610881388996475
6,68,23,0.0084869166588978,11.08551602409782,34.34,33.610881388996475
6,69,22,0.0084759876693214,9.884640385652773,34.34,33.610881388996475
6,70,21,0.0084649875788349,8.675717081294245,34.34,33.610881388996475
6,71,20,0.008453916996047,7.458808304234516,34.34,33.610881388996475
6,72,19,0.0084427765171008,6.23397489491736,34.34,33.610881388996475
6,73,18,0.0084315667261148,5.001276388885152,34.34,33.610881388996475
6,74,17,0.0084202881956015,3.760771062317424,34.34,33.610881388996475
6,75,16,0.0084089414868659,2.51251597538257,34.34,33.610881388996475
6,76,15,0.0083975271503855,1.2565670135409093,34.34,33.610881388996475
6,77,14,0.0083860457261726,-0.007021073086207252,34.34,33.610881388996475
6,78,13,0.0083744977441196,-1.2781946321587725,34.34,33.610881388996475
6,79,12,0.0083628837243287,-2.5569010732726483,34.34,33.610881388996475
6,80,11,0.008351204177427,-3.843088833722561,34.34,33.610881388996475
6,81,10,0.0083394596048673,-5.136707345787364,34.34,33.610881388996475
6,82,9,0.0083276504992158,-6.437707005445439,34.34,33.610881388996475
6,83,8,0.0083157773444278,-7.746039142446868,34.34,33.610881388996475
6,84,7,0.0083038406161108,-9.061655991664708,34.34,33.610881388996475
6,85,6,0.0082918407817775,-10.384510665656563,34.34,33.610881388996475
6,86,5,0.008279778301087,-11.714557128373094,34.34,33.610881388996475
6,87,4,0.0082676536260773,-13.051750169948619,34.34,33.610881388996475
6,88,3,0.0082554672013877,-14.396045382523482,34.34,33.610881388996475
6,89,2,0.008243219464472,-15.74739913704039,34.34,33.610881388996475
6,90,1,0.0082309108458038,-17.10576856096351,34.34,33.610881388996475
6,91,0,0.0082185417690733,-18.471111516880896,34.34,33.610881388996475
7,45,29,0.0086202342461836,25.715739492629275,39.83,36.86288138899647
7,46,28,0.008608006738572,24.37533305171774,34.34,33.610881388996475
7,47,27,0.0085956594849439,23.02150611113486,34.34,33.610881388996475
7,48,26,0.0085831939828655,21.654414145149374,34.34,33.610881388996475
7,49,25,0.008570611683687,20.274207609099783,34.34,33.610881388996475
7,50,24,0.0085579139949481,18.881032201043197,34.34,33.610881388996475
7,51,23,0.0085451022826128,17.475029104778606,34.34,33.610881388996475
7,52,22,0.0085321778731479,16.0563352159108,34.34,33.610881388996475
7,53,21,0.0085191420554593,14.625083352443468,34.34,33.610881388996475
7,54,20,0.0085059960826991,13.181402451231357,34.34,33.610881388996475
7,55,19,0.0084927411739524,11.725417751491541,34.34,33.610881388996475
7,56,18,0.0084793785158163,10.257250966440282,34.34,33.610881388996475
7,57,17,0.0084659092638779,8.77702044403076,34.34,33.610881388996475
7,58,16,0.0084523345441006,7.284841317656465,34.34,33.610881388996475
7,59,15,0.0084386554541248,5.780825647614883,34.34,33.610881388996475
7,60,14,0.008424873064491,4.26508255404201,34.34,33.610881388996475
7,61,13,0.0084109884197897,2.7377183419697957,34.34,33.610881388996475
7,62,12,0.008397002539745,1.1988366190910824,34.34,33.610881388996475
7,63,11,0.0083829164202357,-0.35146159322765413,34.34,33.610881388996475
7,64,10,0.0083687310342589,-1.9130777552006322,34.34,33.610881388996475
7,65,9,0.0083544473328399,-3.4859157096939555,34.34,33.610881388996475
7,66,8,0.0083400662458928,-5.0698815887087605,34.34,33.610881388996475
7,67,7,0.0083255886830345,-6.664883724901571,34.34,33.610881388996475
7,68,6,0.0083110155343554,-8.27083256779769,34.34,33.610881388996475
7,69,5,0.0082963476711503,-9.887640604385517,34.34,33.610881388996475
7,70,4,0.0082815859466114,-11.515222283801144,34.34,33.610881388996475
7,71,3,0.0082667311964858,-13.153493945834839,34.34,33.610881388996475
7,72,2,0.0082517842397009,-14.802373753019722,34.34,33.610881388996475
7,73,1,0.0082367458789583,-16.461781626068685,34.34,33.610881388996475
7,74,0,0.0082216169012991,-18.131639182456453,34.34,33.610881388996475
8,58,37,0.0086204773661955,25.742387913195838,34.42666666666666,33.881881388996476
8,59,36,0.0086110543357037,24.709444462825513,34.34,33.610881388996475
8,60,35,0.0086015593862252,23.668443500388218,34.34,33.610881388996475
8,61,34,0.0085919932205147,22.619458039866174,34.34,33.610881388996475
8,62,33,0.0085823565242705,21.562559242832236,34.34,33.610881388996475
8,63,32,0.0085726499668361,20.49781649468336,34.34,33.610881388996475
8,64,31,0.0085628742018609,19.4252974765715,34.34,33.610881388996475
8,65,30,0.0085530298679252,18.34506823333681,34.34,33.610881388996475
8,66,29,0.0085431175891307,17.2571932377284,34.34,33.610881388996475
8,67,28,0.008533137975659,16.1617354511639,34.34,33.610881388996475
8,68,27,0.0085230916243006,15.058756381267443,34.34,33.610881388996475
8,69,26,0.0085129791189564,13.948316136398248,34.34,33.610881388996475
8,70,25,0.0085028010311136,12.830473477372017,34.34,33.610881388996475
8,71,24,0.0084925579202965,11.705285866556359,34.34,33.610881388996475
8,72,23,0.0084822503344961,10.572809514507156,34.34,33.610881388996475
8,73,22,0.0084718788105773,9.433099424306377,34.34,33.610881388996475
8,74,21,0.0084614438746672,8.28620943373793,34.34,33.610881388996475
8,75,20,0.008450946042524,7.132192255442099,34.34,33.610881388996475
8,76,19,0.008440385819889,5.9710995151642905,34.34,33.610881388996475
8,77,18,0.0084297637028221,4.802981788218396,34.34,33.610881388996475
8,78,17,0.0084190801780214,3.627888634266192,34.34,33.610881388996475
8,79,16,0.0084083357231286,2.4458686305131465,34.34,33.610881388996475
8,80,15,0.0083975308070208,1.2569694034119365,34.34,33.610881388996475
8,81,14,0.0083866658900891,0.061237658957828955,34.34,33.610881388996475
8,82,13,0.0083757414245048,-1.1412807883453127,34.34,33.610881388996475
8,83,12,0.0083647578544748,-2.3505409877721206,34.34,33.610881388996475
8,84,11,0.0083537156164852,-3.566498825849621,34.34,33.610881388996475
8,85,10,0.0083426151395352,-4.789111000953042,34.34,33.610881388996475
8,86,9,0.0083314568453612,-6.018334998962523,34.34,33.610881388996475
8,87,8,0.0083202411486512,-7.254129069925604,34.34,33.610881388996475
8,88,7,0.008308968457251,-8.496452205671417,34.34,33.610881388996475
8,89,6,0.0082976391723616,-9.745264118330134,34.34,33.610881388996475
8,90,5,0.0082862536887293,-11.000525219706397,34.34,33.610881388996475
8,91,4,0.0082748123948278,-12.262196601470869,34.34,33.610881388996475
8,92,3,0.0082633156730333,-13.530240016120189,34.34,33.610881388996475
8,93,2,0.0082517638997932,-14.804617858675357,34.34,33.610881388996475
8,94,1,0.0082401574457879,-16.08529314907682,34.34,33.610881388996475
8,95,0,0.0082284966760865,-17.372229515245706,34.34,33.610881388996475
9,34,21,0.0086298611949892,26.77086341749103,35.966872198072195,34.946234111876166
9,35,20,0.0086131193823254,24.93582756854402,34.34,33.610881388996475
9,36,19,0.008596114026743,23.071350034284663,34.34,33.610881388996475
9,37,18,0.0085788486993364,21.177795995374716,34.34,33.610881388996475
9,38,17,0.0085613268400632,19.25551627710359,34.34,33.610881388996475
9,39,16,0.0085435517662692,17.304848279584263,34.34,33.610881388996475
9,40,15,0.0085255266804557,15.326116825185558,34.34,33.610881388996475
9,41,14,0.0085072546773706,13.31963493246473,34.34,33.610881388996475
9,42,13,0.0084887387505009,11.28570452462565,34.34,33.610881388996475
9,43,12,0.0084699817980272,9.224617079480105,34.34,33.610881388996475
9,44,11,0.0084509866282984,7.136654226999148,34.34,33.610881388996475
9,45,10,0.0084317559648743,5.022088299784905,34.34,33.610881388996475
9,46,9,0.0084122924511793,2.8811828411432927,34.34,33.610881388996475
9,47,8,0.0083925986548052,0.7141930748759151,34.34,33.610881388996475
9,48,7,0.0083726770714965,-1.47863365955768,34.34,33.610881388996475
9,49,6,0.0083525301288475,-3.6970575032929247,34.34,33.610881388996475
9,50,5,0.0083321601897381,-5.940845702851419,34.34,33.610881388996475
9,51,4,0.0083115695555304,-8.20977226092704,34.34,33.610881388996475
9,52,3,0.0082907604690492,-10.503617610884163,34.34,33.610881388996475
9,53,2,0.0082697351173625,-12.822168312931609,34.34,33.610881388996475
9,54,1,0.0082484956343812,-15.165216770145236,34.34,33.610881388996475
9,55,0,0.0082270441032908,-17.53256096269672,34.34,33.610881388996475
10,35,23,0.0086403920889311,27.92485548519292,31.950623922515224,32.707031459300744
10,36,22,0.0086250531109521,26.243914649318715,34.84734509184509,34.16769758530283
10,37,21,0.0086094958378109,24.538586878029317,34.34,33.610881388996475
10,38,20,0.0085937233679643,22.80919185580653,34.34,33.610881388996475
10,39,19,0.0085777386847494,21.056036713201706,34.34,33.610881388996475
10,40,18,0.0085615446637678,19.279416831375727,34.34,33.610881388996475
10,41,17,0.0085451440796219,17.479616576113337,34.34,33.610881388996475
10,42,16,0.0085285396120754,15.656909969073425,34.34,33.610881388996475
10,43,15,0.0085117338516994,13.811561303020262,34.34,33.610881388996475
10,44,14,0.0084947293050581,11.943825706914971,34.34,33.610881388996475
10,45,13,0.0084775283994817,10.053949666002787,34.34,33.610881388996475
10,46,12,0.0084601334874674,8.142171501412825,34.34,33.610881388996475
10,47,11,0.0084425468507448,6.208721813233552,34.34,33.610881388996475
10,48,10,0.0084247707040394,4.253823890572875,34.34,33.610881388996475
10,49,9,0.0084068071985602,2.2776940917014414,34.34,33.610881388996475
10,50,8,0.0083886584252386,0.280542197029483,34.34,33.610881388996475
10,51,7,0.0083703264177403,-1.7374282626300754,34.34,33.610881388996475
10,52,6,0.0083518131552705,-3.776019700330444,34.34,33.610881388996475
10,53,5,0.0083331205651901,-5.8350401878414,34.34,33.610881388996475
10,54,4,0.0083142505254592,-7.914303189327036,34.34,33.610881388996475
10,55,3,0.0082952048669219,-10.013627312283177,34.34,33.610881388996475
10,56,2,0.0082759853754459,-12.13283607432264,34.34,33.610881388996475
10,57,1,0.0082565937939286,-14.271757684527245,34.34,33.610881388996475
10,58,0,0.0082370318241793,-16.430224838224362,34.34,33.610881388996475
11,43,27,0.0086100801457177,24.602644902558993,34.34,33.610881388996475
11,44,26,0.0085973016931908,23.201584694146234,34.34,33.610881388996475
11,45,25,0.0085843994621616,21.786632245135635,34.34,33.610881388996475
11,46,24,0.00857137513969,20.35796313140738,34.34,33.610881388996475
11,47,23,0.0085582303574581,18.915746922175025,34.34,33.610881388996475
11,48,22,0.0085449666948022,17.46014750954307,34.34,33.610881388996475
11,49,21,0.0085315856815176,15.991323413461764,34.34,33.610881388996475
11,50,20,0.0085180888004599,14.509428064380806,34.34,33.610881388996475
11,51,19,0.0085044774899589,13.014610065649876,34.34,33.610881388996475
11,52,18,0.0084907531460632,11.507013437485064,34.34,33.610881388996475
11,53,17,0.0084769171246313,9.986777844132035,34.34,33.610881388996475
11,54,16,0.0084629707432798,8.454038805674053,34.34,33.610881388996475
11,55,15,0.0084489152832043,6.908927895795259,34.34,33.610881388996475
11,56,14,0.0084347519908804,5.3515729266645025,34.34,33.610881388996475
11,57,13,0.0084204820796567,3.782098121999489,34.34,33.610881388996475
11,58,12,0.008406106731248,2.2006242792565303,34.34,33.610881388996475
11,59,11,0.0083916270971359,0.6072689218114675,34.34,33.610881388996475
11,60,10,0.0083770442998847,-0.9978535580961534,34.34,33.610881388996475
11,61,9,0.0083623594343791,-2.6146317649455213,34.34,33.610881388996475
11,62,8,0.0083475735689888,-4.242957173405941,34.34,33.610881388996475
11,63,7,0.0083326877466667,-5.882724009112856,34.34,33.610881388996475
11,64,6,0.008317702985984,-7.53382913621563,34.34,33.610881388996475
11,65,5,0.0083026202821081,-9.196171951215625,34.34,33.610881388996475
11,66,4,0.0082874406077262,-10.869654282648057,34.34,33.610881388996475
11,67,3,0.0082721649139192,-12.554180296203128,34.34,33.610881388996475
11,68,2,0.0082567941309893,-14.249656404913907,34.34,33.610881388996475
11,69,1,0.0082413291692429,-15.955991184071706,34.34,33.610881388996475
11,70,0,0.0082257709197345,-17.67309529055008,34.34,33.610881388996475
12,24,15,0.0086389174414647,27.763274181997424,31.70957301427315,34.1006388590605
12,25,14,0.0086148367937402,25.124094480238504,34.34,33.610881388996475
12,26,13,0.008590188493354,22.421539381151188,34.34,33.610881388996475
12,27,12,0.0085649824428481,19.656612554026374,34.34,33.610881388996475
12,28,11,0.0085392280636946,16.830264750030345,34.34,33.610881388996475
12,29,10,0.0085129343384126,13.943398404354149,34.34,33.610881388996475
12,30,9,0.0084861098476712,10.996871691449257,34.34,33.610881388996475
12,31,8,0.008458762803126,7.9915021146090055,34.34,33.610881388996475
12,32,7,0.0084309010766004,4.928069696820195,34.34,33.610881388996475
12,33,6,0.0084025322261225,1.807319828378212,34.34,33.610881388996475
12,34,5,0.0083736635192416,-1.3700341824264584,34.34,33.610881388996475
12,35,4,0.0083443019539804,-4.6033088166835086,34.34,33.610881388996475
12,36,3,0.0083144542777243,-7.891848277494752,34.34,33.610881388996475
12,37,2,0.0082841270043024,-11.235022620033291,34.34,33.610881388996475
12,38,1,0.0082533264294777,-14.632226055301828,34.34,33.610881388996475
12,39,0,0.0082220586450337,-18.08287540727163,34.34,33.610881388996475
13,56,36,0.0086146823389312,25.10716299340198,34.34,33.610881388996475
13,57,35,0.0086049753169642,24.04297714538991,34.34,33.610881388996475
13,58,34,0.0085951982643991,22.97092940427833,34.34,33.610881388996475
13,59,33,0.0085853519384426,21.891098745281894,34.34,33.610881388996475
13,60,32,0.0085754370767119,20.80356202019096,34.34,33.610881388996475
13,61,31,0.0085654543980783,19.708394049033032,34.34,33.610881388996475
13,62,30,0.0085554046034612,18.605667706336526,34.34,33.610881388996475
13,63,29,0.0085452883765757,17.49545400239387,34.34,33.610881388996475
13,64,28,0.0085351063846382,16.377822159889135,34.34,33.610881388996475
13,65,27,0.0085248592790318,15.252839686224448,34.34,33.610881388996475
13,66,26,0.0085145476959356,14.120572441848239,34.34,33.610881388996475
13,67,25,0.0085041722569194,12.981084704864145,34.34,33.610881388996475
13,68,24,0.0084937335695064,11.834439232175257,34.34,33.610881388996475
13,69,23,0.0084832322277066,10.68069731739891,34.34,33.610881388996475
13,70,22,0.0084726688125221,9.519918845766,34.34,33.610881388996475
13,71,21,0.0084620438924267,8.352162346203073,34.34,33.610881388996475
13,72,20,0.0084513580238213,7.1774850407806525,34.34,33.610881388996475
13,73,19,0.0084406117514666,5.995942891693929,34.34,33.610881388996475
13,74,18,0.0084298056088941,4.807590645932116,34.34,33.610881388996475
13,75,17,0.0084189401187977,3.612481877780681,34.34,33.610881388996475
13,76,16,0.0084080157934068,2.4106690292877317,34.34,33.610881388996475
13,77,15,0.0083970331348406,1.2022034488195388,34.34,33.610881388996475
13,78,14,0.0083859926354475,-0.012864572183595158,34.34,33.610881388996475
13,79,13,0.0083748947781275,-1.234485764141887,34.34,33.610881388996475
13,80,12,0.0083637400366408,-2.462611845866128,34.34,33.610881388996475
13,81,11,0.0083525288759023,-3.6971954925875465,34.34,33.610881388996475
13,82,10,0.008341261752263,-4.938190305406884,34.34,33.610881388996475
13,83,9,0.0083299391137793,-6.185550782079332,34.34,33.610881388996475
13,84,8,0.0083185614004704,-7.4392322890656715,34.34,33.610881388996475
13,85,7,0.0083071290445648,-8.699191034773925,34.34,33.610881388996475
13,86,6,0.0082956424707368,-9.965384043935039,34.34,33.610881388996475
13,87,5,0.0082841020963323,-11.237769133045639,34.34,33.610881388996475
13,88,4,0.0082725083315862,-12.516304886825651,34.34,33.610881388996475
13,89,3,0.0082608615798304,-13.80095063563327,34.34,33.610881388996475
13,90,2,0.0082491622376933,-15.091666433796135,34.34,33.610881388996475
13,91,1,0.0082374106952922,-16.388413038799825,34.34,33.610881388996475
13,92,0,0.0082256073364169,-17.69115189130362,34.34,33.610881388996475
14,49,32,0.0086188492169632,25.56392405319675,39.76,36.320881388996476
14,50,31,0.0086078750728511,24.360897989419005,34.34,33.610881388996475
14,51,30,0.0085968095303408,23.14761645433997,34.34,33.610881388996475
14,52,29,0.0085856537041245,21.924195690525142,34.34,33.610881388996475
14,53,28,0.0085744086762703,20.690748403278114,34.34,33.610881388996475
14,54,27,0.0085630754978105,19.44738393327448,34.34,33.610881388996475
14,55,26,0.0085516551902247,18.194208417716254,34.34,33.610881388996475
14,56,25,0.0085401487468257,16.931324940964792,34.34,33.610881388996475
14,57,24,0.0085285571340573,15.658833675517457,34.34,33.610881388996475
14,58,23,0.0085168812927095,14.376832014104345,34.34,33.610881388996475
14,59,22,0.0085051221390598,13.085414693609124,34.34,33.610881388996475
14,60,21,0.0084932805659438,11.78467391145206,34.34,33.610881388996475
14,61,20,0.0084813574437625,10.47469943500834,34.34,33.610881388996475
14,62,19,0.0084693536214306,9.155578704591626,34.34,33.610881388996475
14,63,18,0.0084572699272696,7.82739693047435,34.34,33.610881388996475
14,64,17,0.0084451071698498,6.490237184383041,34.34,33.610881388996475
14,65,16,0.008432866138786,5.14418048586213,34.34,33.610881388996475
14,66,15,0.0084205476054883,3.7893058838724443,34.34,33.610881388996475
14,67,14,0.0084081523238732,2.425690533952249,34.34,33.610881388996475
14,68,13,0.0083956810310354,1.0534097712467627,34.34,33.610881388996475
14,69,12,0.0083831344478855,-0.32746282031474294,34.34,33.610881388996475
14,70,11,0.0083705132797536,-1.7168553424395583,34.34,33.610881388996475
14,71,10,0.0083578182169627,-3.114697520250438,34.34,33.610881388996475
14,72,9,0.0083450499353724,-4.520920643210744,34.34,33.610881388996475
14,73,8,0.0083322090968964,-5.9354575089907655,34.34,33.610881388996475
14,74,7,0.0083192963499939,-7.358242370091695,34.34,33.610881388996475
14,75,6,0.0083063123301376,-8.789210883059589,34.34,33.610881388996475
14,76,5,0.0082932576602594,-10.228300060122685,34.34,33.610881388996475
14,77,4,0.0082801329511748,-11.675448223116057,34.34,33.610881388996475
14,78,3,0.0082669388019876,-13.130594959548034,34.34,33.610881388996475
14,79,2,0.0082536758004762,-14.59368108068881,34.34,33.610881388996475
14,80,1,0.0082403445234626,-16.06464858156103,34.34,33.610881388996475
14,81,0,0.0082269455371641,-17.543440602722555,34.34,33.610881388996475
15,46,29,0.0086360753166781,27.451842657069232,36.05065541650197,33.794269739871076
15,47,28,0.0086237238527701,26.098224831204536,33.53555937755937,34.16769758530283
15,48,27,0.0086112212599343,24.72774402976634,34.34,33.610881388996475
15,49,26,0.0085985689880185,23.3405480646028,34.34,33.610881388996475
15,50,25,0.0085857684476575,21.93678044314728,34.34,33.610881388996475
15,51,24,0.0085728210121923,20.516580577876294,34.34,33.610881388996475
15,52,23,0.0085597280194577,19.08008398163908,34.34,33.610881388996475
15,53,22,0.0085464907734527,17.62742245007329,34.34,33.610881388996475
15,54,21,0.0085331105459027,16.158724232184923,34.34,33.610881388996475
15,55,20,0.0085195885777207,14.674114190069972,34.34,33.610881388996475
15,56,19,0.0085059260803785,13.173713948653806,34.34,33.610881388996475
15,57,18,0.0084921242371928,11.65764203623803,34.34,33.610881388996475
15,58,17,0.008478184204534,10.12601401657578,34.34,33.610881388996475
15,59,16,0.0084641071129628,8.57894261312147,34.34,33.610881388996475
15,60,15,0.0084498940683013,7.016537826041649,34.34,33.610881388996475
15,61,14,0.0084355461526416,5.438907042530047,34.34,33.610881388996475
15,62,13,0.0084210644252986,3.846155140905779,34.34,33.610881388996475
15,63,12,0.0084064499237092,2.2383845889465093,34.34,33.610881388996475
15,64,11,0.0083917036642824,0.6156955368598034,34.34,33.610881388996475
15,65,10,0.0083768266432043,-1.0218140947358236,34.34,33.610881388996475
15,66,9,0.0083618198371995,-2.674048531477702,34.34,33.610881388996475
15,67,8,0.008346684204254,-4.340914066261199,34.34,33.610881388996475
15,68,7,0.0083314206842997,-6.022318984291594,34.34,33.610881388996475
15,69,6,0.0083160301998655,-7.7181734919187335,34.34,33.610881388996475
15,70,5,0.0083005136566948,-9.428389649015898,34.34,33.610881388996475
15,71,4,0.0082848719443338,-11.15288130467102,34.34,33.610881388996475
15,72,3,0.00826910593669,-12.891564035990228,34.34,33.610881388996475
15,73,2,0.0082532164925652,-14.644355089818504,34.34,33.610881388996475
15,74,1,0.0082372044561628,-16.411173327199066,34.34,33.610881388996475
15,75,0,0.0082210706575713,-18.19193917041015,34.34,33.610881388996475
16,38,25,0.0086234679608668,26.070178085473653,36.30189271089271,34.16769758530283
16,39,24,0.0086090855564472,24.493607092361465,34.34,33.610881388996475
16,40,23,0.0085945353371826,22.898233144827334,34.34,33.610881388996475
16,41,22,0.0085798197532744,21.28431050196591,34.34,33.610881388996475
16,42,21,0.0085649411666108,19.652083830042784,34.34,33.610881388996475
16,43,20,0.0085499018561275,18.00178878555451,34.34,33.610881388996475
16,44,19,0.0085347040227238,16.333652550036554,34.34,33.610881388996475
16,45,18,0.0085193497937827,14.64789432162194,34.34,33.610881388996475
16,46,17,0.0085038412273328,12.944725767737665,34.34,33.610881388996475
16,47,16,0.0084881803158888,11.224351442794998,34.34,33.610881388996475
16,48,15,0.0084723689900019,9.48696917426986,34.34,33.610881388996475
16,49,14,0.0084564091215465,7.732770420180657,34.34,33.610881388996475
16,50,13,0.0084403025267696,5.961940600622093,34.34,33.610881388996475
16,51,12,0.008424050969122,4.174659405726196,34.34,33.610881388996475
16,52,11,0.008407656161894,2.371101082153686,34.34,33.610881388996475
16,53,10,0.0083911197706695,0.55143470000219,34.34,33.610881388996475
16,54,9,0.0083744434156165,-1.2841755981857688,34.34,33.610881388996475
16,55,8,0.0083576286736265,-3.135570364802902,34.34,33.610881388996475
16,56,7,0.0083406770803162,-5.002594629589524,34.34,33.610881388996475
16,57,6,0.0083235901319019,-6.885097695850433,34.34,33.610881388996475
16,58,5,0.0083063692869571,-8.782932949375493,34.34,33.610881388996475
16,59,4,0.0082890159680629,-10.695957679065877,34.34,33.610881388996475
16,60,3,0.0082715315633585,-12.624032908359908,34.34,33.610881388996475
16,61,2,0.0082539174280008,-14.56702323663886,34.34,33.610881388996475
16,62,1,0.008236174885538,-16.524796689870158,34.34,33.610881388996475
16,63,0,0.0082183052292057,-18.497224579803003,34.34,33.610881388996475
17,44,29,0.0086219594976662,25.904842090358848,42.13666666666666,39.01978138899647
17,45,28,0.008609602511612,24.55028163981276,34.34,33.610881388996475
17,46,27,0.0085971276760412,23.182502853917736,34.34,33.610881388996475
17,47,26,0.0085845365530031,21.80166831886578,34.34,33.610881388996475
17,48,25,0.0085718306544561,20.407935187324398,34.34,33.610881388996475
17,49,24,0.0085590114449505,19.001455469990724,34.34,33.610881388996475
17,50,23,0.0085460803441144,17.582376305839176,34.34,33.610881388996475
17,51,22,0.008533038728962,16.150840213020814,34.34,33.610881388996475
17,52,21,0.0085198879360407,14.706985322150565,34.34,33.610881388996475
17,53,20,0.008506629263429,13.250945593537907,34.34,33.610881388996475
17,54,19,0.0084932639726015,11.782851019747092,34.34,33.610881388996475
17,55,18,0.0084797932901687,10.302827814734265,34.34,33.610881388996475
17,56,17,0.0084662184095046,8.810998590677954,34.34,33.610881388996475
17,57,16,0.0084525404922705,7.307482523512121,34.34,33.610881388996475
17,58,15,0.0084387606698423,5.792395508068154,34.34,33.610881388996475
17,59,14,0.008424880044651,4.265850303648399,34.34,33.610881388996475
17,60,13,0.0084108996914414,2.7279566707725422,34.34,33.610881388996475
17,61,12,0.0083968206584555,1.1788214997715016,34.34,33.610881388996475
17,62,11,0.0083826439685474,-0.3814510681581922,34.34,33.610881388996475
17,63,10,0.0083683706202333,-1.952759526883483,34.34,33.610881388996475
17,64,9,0.0083540015886822,-3.5350048977387942,34.34,33.610881388996475
17,65,8,0.0083395378266512,-5.128090627943848,34.34,33.610881388996475
17,66,7,0.0083249802653696,-6.7319224946067,34.34,33.610881388996475
17,67,6,0.0083103298153748,-8.346408513931195,34.34,33.610881388996475
17,68,5,0.0082955873673041,-9.97145885526632,34.34,33.610881388996475
17,69,4,0.0082807537926445,-11.606985759676817,34.34,33.610881388996475
17,70,3,0.0082658299444438,-13.252903462732561,34.34,33.610881388996475
17,71,2,0.0082508166579857,-14.909128121238794,34.34,33.610881388996475
17,72,1,0.0082357147514306,-16.575577743659167,34.34,33.610881388996475
17,73,0,0.0082205250264248,-18.252172123990192,34.34,33.610881388996475
18,26,16,0.0086457260306573,28.509275514233245,30.43641934911344,32.03596892739318
18,27,15,0.0086239690147945,26.125095421785584,32.705559377559375,34.16769758530283
18,28,14,0.0086017416144501,23.688424160195954,34.34,33.610881388996475
18,29,13,0.0085790515139358,21.200042796292276,34.34,33.610881388996475
18,30,12,0.0085559060476847,18.660693949964973,34.34,33.610881388996475
18,31,11,0.0085323122288557,16.071084918738713,34.34,33.610881388996475
18,32,10,0.0085082767747515,13.431890454764492,34.34,33.610881388996475
18,33,9,0.0084838061294934,10.743755242661834,34.34,33.610881388996475
18,34,8,0.0084589064843257,8.007296118613283,34.34,33.610881388996475
18,35,7,0.0084335837958582,5.223104064618354,34.34,33.610881388996475
18,36,6,0.0084078438025114,2.3917460065206697,34.34,33.610881388996475
18,37,5,0.0083816920393854,-0.48623355991983175,34.34,33.610881388996475
18,38,4,0.0083551338517432,-3.4103110942246744,34.34,33.610881388996475
18,39,3,0.0083281744072699,-6.379982669943523,34.34,33.610881388996475
18,40,2,0.0083008187072492,-9.394762751719135,34.34,33.610881388996475
18,41,1,0.0082730715967755,-12.454183077509832,34.34,33.610881388996475
18,42,0,0.0082449377741083,-15.557791634561724,34.34,33.610881388996475
19,29,18,0.0086352066246135,27.356650866282823,33.13113842303792,33.794269739871076
19,30,17,0.0086155381267867,25.2009747122523,34.34,33.610881388996475
19,31,16,0.0085954897248536,23.002890539208913,34.34,33.610881388996475
19,32,15,0.0085750670637266,20.762972519656667,34.34,33.610881388996475
19,33,14,0.0085542755548243,18.481769178040523,34.34,33.610881388996475
19,34,13,0.0085331203934254,16.15980528633108,34.34,33.610881388996475
19,35,12,0.0085116065742606,13.797583567358032,34.34,33.610881388996475
19,36,11,0.0084897389055666,11.395586230379877,34.34,33.610881388996475
19,37,10,0.0084675220217922,8.954276359651175,34.34,33.610881388996475
19,38,9,0.0084449603951198,6.474099173691052,34.34,33.610881388996475
19,39,8,0.0084220583459405,3.955483170404939,34.34,33.610881388996475
19,40,7,0.0083988200524031,1.3988411710903392,34.34,33.610881388996475
19,41,6,0.0083752495591388,-1.1954287254155176,34.34,33.610881388996475
19,42,5,0.0083513507852531,-3.8269422686971524,34.34,33.610881388996475
19,43,4,0.0083271275316608,-6.495328254339498,34.34,33.610881388996475
19,44,3,0.0083025834878329,-9.20022778571996,34.34,33.610881388996475
19,45,2,0.0082777222380151,-11.941293593514409,34.34,33.610881388996475
19,46,1,0.0082525472669697,-14.718189407221658,34.34,33.610881388996475
19,47,0,0.0082270619652877,-17.530589373672512,34.34,33.610881388996475
20,64,41,0.0086115343414351,24.762066378198305,34.34,33.610881388996475
20,65,40,0.0086031009007334,23.83746291175934,34.34,33.610881388996475
20,66,39,0.0085946154870081,22.907022378934215,34.34,33.610881388996475
20,67,38,0.0085860786022406,21.970797210326598,34.34,33.610881388996475
20,68,37,0.008577490736886,21.028838587584453,34.34,33.610881388996475
20,69,36,0.008568852370313,20.081196491141043,34.34,33.610881388996475
20,70,35,0.0085601639712202,19.12791974545941,34.34,33.610881388996475
20,71,34,0.0085514259980312,18.16905606195283,34.34,33.610881388996475
20,72,33,0.0085426388992695,17.204652079724816,34.34,33.610881388996475
20,73,32,0.008533803113915,16.234753404272368,34.34,33.610881388996475
20,74,31,0.0085249190717427,15.259404644279869,34.34,33.610881388996475
20,75,30,0.0085159871936448,14.278649446621223,34.34,33.610881388996475
20,76,29,0.0085070078919377,13.29253052968221,34.34,33.610881388996475
20,77,28,0.0084979815706543,12.301089715103544,34.34,33.610881388996475
20,78,27,0.0084889086258223,11.304367958038924,34.34,33.610881388996475
20,79,26,0.0084797894457303,10.302405376016885,34.34,33.610881388996475
20,80,25,0.0084706244111816,9.295241276487275,34.34,33.610881388996475
20,81,24,0.0084614138957358,8.282914183127119,34.34,33.610881388996475
20,82,23,0.0084521582659413,7.265461860976863,34.34,33.610881388996475
20,83,22,0.0084428578815556,6.242921340474965,34.34,33.610881388996475
20,84,21,0.0084335130957581,5.215328940447485,34.34,33.610881388996475
20,85,20,0.0084241242553519,4.182720290113636,34.34,33.610881388996475
20,86,19,0.0084146917009585,3.145130350159903,34.34,33.610881388996475
20,87,18,0.0084052157672036,2.102593432929588,34.34,33.610881388996475
20,88,17,0.0083956967828956,1.0551432217801562,34.34,33.610881388996475
20,89,16,0.0083861350711961,0.0028127896462422086,34.34,33.610881388996475
20,90,15,0.008376530949785,-1.054365383146525,34.34,33.610881388996475
20,91,14,0.0083668847310171,-2.1163593917821473,34.34,33.610881388996475
20,92,13,0.0083571967220738,-3.1831378905284566,34.34,33.610881388996475
20,93,12,0.008347467225109,-4.254670076956131,34.34,33.610881388996475
20,94,11,0.0083376965373881,-5.330925676767869,34.34,33.610881388996475
20,95,10,0.008327884951423,-6.41187492920848,34.34,33.610881388996475
20,96,9,0.0083180327551014,-7.4974885730268355,34.34,33.610881388996475
20,97,8,0.0083081402318113,-8.587737832965608,34.34,33.610881388996475
20,98,7,0.0082982076605608,-9.68259440675137,34.34,33.610881388996475
20,99,6,0.0082882353160938,-10.782030452561962,34.34,33.610881388996475
20,100,5,0.0082782234690014,-11.886018576951408,34.34,33.610881388996475
20,101,4,0.0082681723858289,-12.994531823205946,34.34,33.610881388996475
20,102,3,0.0082580823291795,-14.107543660119418,34.34,33.610881388996475
20,103,2,0.0082479535578145,-15.225027971160358,34.34,33.610881388996475
20,104,1,0.0082377863267491,-16.34695904402011,34.34,33.610881388996475
20,105,0,0.0082275808873458,-17.473311560522404,34.34,33.610881388996475
21,47,30,0.0086217190544694,25.878487765870787,42.49666666666666,39.01978138899647
21,48,29,0.0086100398269427,24.59822475241754,34.34,33.610881388996475
21,49,28,0.0085982519789558,23.305787188792742,34.34,33.610881388996475
21,50,27,0.0085863568220711,22.001311316897212,34.34,33.610881388996475
21,51,26,0.0085743556288718,20.684929146643796,34.34,33.610881388996475
21,52,25,0.0085622496349142,19.356768668207398,34.34,33.610881388996475
21,53,24,0.0085500400405455,18.01695404973593,34.34,33.610881388996475
21,54,23,0.0085377280125998,16.665605821770995,34.34,33.610881388996475
21,55,22,0.0085253146859825,15.302841049505219,34.34,33.610881388996475
21,56,21,0.0085128011651517,13.928773493884208,34.34,33.610881388996475
21,57,20,0.0085001885255056,12.54351376246376,34.34,33.610881388996475
21,58,19,0.0084874778146838,11.147169450842277,34.34,33.610881388996475
21,59,18,0.0084746700537876,9.73984527541053,34.34,33.610881388996475
21,60,17,0.0084617662385283,8.32164319809074,34.34,33.610881388996475
21,61,16,0.0084487673403056,6.89266254367319,34.34,33.610881388996475
21,62,15,0.0084356743072248,5.453000110306974,34.34,33.610881388996475
21,63,14,0.0084224880650543,4.002750273644864,34.34,33.610881388996475
21,64,13,0.0084092095181299,2.542005085106723,34.34,33.610881388996475
21,65,12,0.0083958395502086,1.0708543646746307,34.34,33.610881388996475
21,66,11,0.0083823790252754,-0.4106142113887046,34.34,33.610881388996475
21,67,10,0.0083688287883071,-1.9023150275547493,34.34,33.610881388996475
21,68,9,0.008355189665995,-3.4041644504491444,34.34,33.610881388996475
21,69,8,0.0083414624674306,-4.916080754385682,34.34,33.610881388996475
21,70,7,0.008327647984755,-6.437984050738898,34.34,33.610881388996475
21,71,6,0.0083137469937763,-7.969796220906304,34.34,33.610881388996475
21,72,5,0.0082997602545552,-9.511440852631878,34.34,33.610881388996475
21,73,4,0.0082856885119624,-11.062843179473454,34.34,33.610881388996475
21,74,3,0.0082715324962083,-12.623930023221753,34.34,33.610881388996475
21,75,2,0.0082572929233478,-14.194629739085869,34.34,33.610881388996475
21,76,1,0.0082429704957607,-15.774872163480424,34.34,33.610881388996475
21,77,0,0.0082285659026098,-17.364588564254106,34.34,33.610881388996475
22,48,31,0.0086189345343488,25.57327594609749,39.76,36.320881388996476
22,49,30,0.0086074683336417,24.316305261001727,34.34,33.610881388996475
22,50,29,0.0085958972326389,23.047576981954357,34.34,33.610881388996475
22,51,28,0.0085842224684949,21.76721959014819,34.34,33.610881388996475
22,52,27,0.0085724452423789,20.475357659267683,34.34,33.610881388996475
22,53,26,0.008560566721241,19.172112047538274,34.34,33.610881388996475
22,54,25,0.0085485880394589,17.857600076872345,34.34,33.610881388996475
22,55,24,0.0085365103003771,16.53193570020803,34.34,33.610881388996475
22,56,23,0.0085243345777459,15.195229658014256,34.34,33.610881388996475
22,57,22,0.0085120619170693,13.847589624850919,34.34,33.610881388996475
22,58,21,0.0084996933368682,12.48912034677602,34.34,33.610881388996475
22,59,20,0.0084872298298673,11.119923770321925,34.34,33.610881388996475
22,60,19,0.0084746723641091,9.740099163693614,34.34,33.610881388996475
22,61,18,0.0084620218840027,8.349743230777264,34.34,33.610881388996475
22,62,17,0.0084492793113114,6.948950218500769,34.34,33.610881388996475
22,63,16,0.0084364455460836,5.537812018032504,34.34,33.610881388996475
22,64,15,0.0084235214675306,4.116418260265689,34.34,33.610881388996475
22,65,14,0.0084105079348566,2.6848564059955464,34.34,33.610881388996475
22,66,13,0.0083974057880429,1.2432118311618865,34.34,33.610881388996475
22,67,12,0.0083842158485893,-0.20843209250385542,34.34,33.610881388996475
22,68,11,0.0083709389202172,-1.669993921109814,34.34,33.610881388996475
22,69,10,0.0083575757895353,-3.1413940662319533,34.34,33.610881388996475
22,70,9,0.008344127226671,-4.622554726271254,34.34,33.610881388996475
22,71,8,0.0083305939858699,-6.113399821296937,34.34,33.610881388996475
22,72,7,0.0083169768060655,-7.613854931154862,34.34,33.610881388996475
22,73,6,0.0083032764114206,-9.123847236631995,34.34,33.610881388996475
22,74,5,0.0082894935118419,-10.643305463484623,34.34,33.610881388996475
22,75,4,0.0082756288034709,-12.172159829158701,34.34,33.610881388996475
22,76,3,0.0082616829691506,-13.710341992033776,34.34,33.610881388996475
22,77,2,0.008247656678871,-15.257785003041917,34.34,33.610881388996475
22,78,1,0.0082335505901935,-16.81442325951977,34.34,33.610881388996475
22,79,0,0.0082193653486566,-18.380192461165223,34.34,33.610881388996475
23,43,27,0.0086365836166496,27.507541792495598,37.423226845073394,33.794269739871076
23,44,26,0.0086236180973955,26.08663364705838,33.525559377559375,34.16769758530283
23,45,25,0.0086104893893902,24.647510137123785,34.34,33.610881388996475
23,46,24,0.0085971992411901,23.190350333180618,34.34,33.610881388996475
23,47,23,0.0085837493498419,21.715327665969454,34.34,33.610881388996475
23,48,22,0.0085701413635824,20.222610221072745,34.34,33.610881388996475
23,49,21,0.0085563768843439,18.712361012265617,34.34,33.610881388996475
23,50,20,0.0085424574700817,17.184738235556978,34.34,33.610881388996475
23,51,19,0.008528384636941,15.639895505652476,34.34,33.610881388996475
23,52,18,0.0085141598612765,14.077982076372471,34.34,33.610881388996475
23,53,17,0.0084997845815372,12.499143046409735,34.34,33.610881388996475
23,54,16,0.0084852602000285,10.903519551654469,34.34,33.610881388996475
23,55,15,0.0084705880845611,9.29124894520345,34.34,33.610881388996475
23,56,14,0.008455769569996,7.662464966050322,34.34,33.610881388996475
23,57,13,0.0084408059596941,6.017297897357885,34.34,33.610881388996475
23,58,12,0.008425698526878,4.355874715131655,34.34,33.610881388996475
23,59,11,0.0084104485159121,2.678319228030155,34.34,33.610881388996475
23,60,10,0.0083950571435078,0.9847522089823855,34.34,33.610881388996475
23,61,9,0.0083795255998592,-0.7247084807745452,34.34,33.610881388996475
23,62,8,0.0083638550497146,-2.4499477746889298,34.34,33.610881388996475
23,63,7,0.0083480466333874,-4.190853290407269,34.34,33.610881388996475
23,64,6,0.0083321014677126,-5.947315225351197,34.34,33.610881388996475
23,65,5,0.0083160206469506,-7.7192262579293,34.34,33.610881388996475
23,66,4,0.0082998052436433,-9.506481454002355,34.34,33.610881388996475
23,67,3,0.0082834563094255,-11.308978178243407,34.34,33.610881388996475
23,68,2,0.0082669748757941,-13.126616010069625,34.34,33.610881388996475
23,69,1,0.0082503619548383,-14.959296663845322,34.34,33.610881388996475
23,70,0,0.0082336185399327,-16.80692391307754,34.34,33.610881388996475
24,25,16,0.008645981213267,28.537233539826126,33.87641934911344,32.03596892739318
24,26,15,0.0086241938229647,26.149735058642268,35.63805937755937,34.16769758530283
24,27,14,0.0086019453893173,23.710767254548397,34.34,33.610881388996475
24,28,13,0.0085792442923712,21.221188653129396,34.34,33.610881388996475
24,29,12,0.0085560985027972,18.6818129826029,34.34,33.610881388996475
24,30,11,0.0085325156168856,16.09341299156484,34.34,33.610881388996475
24,31,10,0.0085085028874761,13.456723823667957,34.34,33.610881388996475
24,32,9,0.0084840672514135,10.772446013424322,34.34,33.610881388996475
24,33,8,0.0084592153540141,8.041248156298124,34.34,33.610881388996475
24,34,7,0.0084339535709526,5.263769297386574,34.34,33.610881388996475
24,35,6,0.0084082880279072,2.4406210758275506,34.34,33.610881388996475
24,36,5,0.0083822246182528,-0.42761034375784135,34.34,33.610881388996475
24,37,4,0.0083557690190437,-3.340362526262716,34.34,33.610881388996475
24,38,3,0.0083289267054944,-6.297095184937447,34.34,33.610881388996475
24,39,2,0.0083017029641346,-9.2972887447551,34.34,33.610881388996475
24,40,1,0.008274102904792,-12.3404430336942,34.34,33.610881388996475
24,41,0,0.0082461314715337,-15.426076087608664,34.34,33.610881388996475
25,50,32,0.0086385336306003,27.72121824833906,37.186573014273144,34.1006388590605
25,51,31,0.0086272793040086,26.48790298223679,36.67072604422604,34.04923411187617
25,52,30,0.0086159022955158,25.240894566664164,34.34,33.610881388996475
25,53,29,0.0086044037355453,23.980308692090677,34.34,33.610881388996475
25,54,28,0.0085927847257208,22.706257895097494,34.34,33.610881388996475
25,55,27,0.0085810463401778,21.418851701489803,34.34,33.610881388996475
25,56,26,0.0085691896267932,20.118196760415067,34.34,33.610881388996475
25,57,25,0.008557215608338,18.804396970208927,34.34,33.610881388996475
25,58,24,0.008545125283561,17.47755359661098,34.34,33.610881388996475
25,59,23,0.0085329196282067,16.13776538393809,34.34,33.610881388996475
25,60,22,0.0085205995959751,14.78512865975241,34.34,33.610881388996475
25,61,21,0.0085081661194247,13.419737433500025,34.34,33.610881388996475
25,62,20,0.0084956201108252,12.04168348956722,34.34,33.610881388996475
25,63,19,0.0084829624629625,10.651056475152217,34.34,33.610881388996475
25,64,18,0.0084701940498993,9.247943983321129,34.34,33.610881388996475
25,65,17,0.0084573157276947,7.832431631582075,34.34,33.610881388996475
25,66,16,0.0084443283350858,6.404603136287079,34.34,33.610881388996475
25,67,15,0.0084312326941331,4.9645403831399975,34.34,33.610881388996475
25,68,14,0.0084180296108333,3.512323494073442,34.34,33.610881388996475
25,69,13,0.0084047198756998,2.048030890728988,34.34,33.610881388996475
25,70,12,0.0083913042643158,0.5717393547643255,34.34,33.610881388996475
25,71,11,0.0083777835378584,-0.916475914815841,34.34,33.610881388996475
25,72,10,0.0083641584435982,-2.4165412471145444,34.34,33.610881388996475
25,73,9,0.0083504297153747,-3.92838444741092,34.34,33.610881388996475
25,74,8,0.0083365980740493,-5.451934747685179,34.34,33.610881388996475
25,75,7,0.0083226642279364,-6.987122759449406,34.34,33.610881388996475
25,76,6,0.0083086288732158,-8.533880428748176,34.34,33.610881388996475
25,77,5,0.0082944926943258,-10.092140993203536,34.34,33.610881388996475
25,78,4,0.0082802563643382,-11.661838940983273,34.34,33.610881388996475
25,79,3,0.0082659205453172,-13.242909971584382,34.34,33.610881388996475
25,80,2,0.0082514858886631,-14.83529095832958,34.34,33.610881388996475
25,81,1,0.0082369530354398,-16.438919912480188,34.34,33.610881388996475
25,82,0,0.0082223226166896,-18.053735948877105,34.34,33.610881388996475
26,29,18,0.008631012978416,26.897088114106808,29.390802291848832,31.727280206265593
26,30,17,0.0086115090035898,24.759288660111114,34.34,33.610881388996475
26,31,16,0.0085916481940495,22.581620578220786,34.34,33.610881388996475
26,32,15,0.0085714362068019,20.364662496605607,34.34,33.610881388996475
26,33,14,0.0085508784577692,18.108966658913843,34.34,33.610881388996475
26,34,13,0.0085299801398777,15.815060897688944,34.34,33.610881388996475
26,35,12,0.0085087462392944,13.483450405967915,34.34,33.610881388996475
26,36,11,0.00848718155005,11.114619332928953,34.34,33.610881388996475
26,37,10,0.0084652906872488,8.709032225506746,34.34,33.610881388996475
26,38,9,0.0084430780990374,6.26713533463721,34.34,33.610881388996475
26,39,8,0.0084205480774778,3.7893578021055063,34.34,33.610881388996475
26,40,7,0.0083977047684516,1.2761127417090279,34.34,33.610881388996475
26,41,6,0.0083745521807036,-1.2722017734204414,34.34,33.610881388996475
26,42,5,0.0083510941941191,-3.8552018070888394,34.34,33.610881388996475
26,43,4,0.0083273345673155,-6.472516730988644,34.34,33.610881388996475
26,44,3,0.0083032769446218,-9.123788462549221,34.34,33.610881388996475
26,45,2,0.0082789248625061,-11.808670762884503,34.34,33.610881388996475
26,46,1,0.0082542817555075,-14.526828588855082,34.34,33.610881388996475
26,47,0,0.0082293509617202,-17.27793749398495,34.34,33.610881388996475
27,53,34,0.0086156712474926,25.215567316204414,34.34,33.610881388996475
27,54,33,0.0086053747833118,24.08677444651344,34.34,33.610881388996475
27,55,32,0.008594999203522,22.949100579748528,34.34,33.610881388996475
27,56,31,0.0085845454052355,21.80263922725287,34.34,33.610881388996475
27,57,30,0.0085740142611799,20.647481256879264,34.34,33.610881388996475
27,58,29,0.0085634066208021,19.483715012967675,34.34,33.610881388996475
27,59,28,0.0085527233113043,18.311426428896425,34.34,33.610881388996475
27,60,27,0.0085419651386166,17.130699132781267,34.34,33.610881388996475
27,61,26,0.0085311328883116,15.941614546851987,34.34,33.610881388996475
27,62,25,0.0085202273264655,14.74425198097726,34.34,33.610881388996475
27,63,24,0.0085092492004689,13.538688720777486,34.34,33.610881388996475
27,64,23,0.0084981992397918,12.325000110713326,34.34,33.610881388996475
27,65,22,0.0084870781567054,11.103259632517137,34.34,33.610881388996475
27,66,21,0.0084758866469645,9.873538979291759,34.34,33.610881388996475
27,67,20,0.0084646253904524,8.635908125580528,34.34,33.610881388996475
27,68,19,0.0084532950517919,7.390435393682573,34.34,33.610881388996475
27,69,18,0.0084418962809231,6.1371875164705045,34.34,33.610881388996475
27,70,17,0.0084304297136522,4.876229696939262,34.34,33.610881388996475
27,71,16,0.0084188959721715,3.6076256647033347,34.34,33.610881388996475
27,72,15,0.0084072956655537,2.331437729637507,34.34,33.610881388996475
27,73,14,0.0083956293902209,1.0477268328459175,34.34,33.610881388996475
27,74,13,0.0083838977303914,-0.24344740487384797,34.34,33.610881388996475
27,75,12,0.008372101258504,-1.542026636918564,34.34,33.610881388996475
27,76,11,0.0083602405356228,-2.84795374697034,34.34,33.610881388996475
27,77,10,0.0083483161118225,-4.161172807160938,34.34,33.610881388996475
27,78,9,0.0083363285265557,-5.4816290381867745,34.34,33.610881388996475
27,79,8,0.0083242783090037,-6.8092687712555175,34.34,33.610881388996475
27,80,7,0.008312165978411,-8.14403941176203,34.34,33.610881388996475
27,81,6,0.0082999920444049,-9.485889404593685,34.34,33.610881388996475
27,82,5,0.0082877570073014,-10.834768200969478,34.34,33.610881388996475
27,83,4,0.0082754613583971,-12.190626226732178,34.34,33.610881388996475
27,84,3,0.0082631055802489,-13.553414852009581,34.34,33.610881388996475
27,85,2,0.0082506901469416,-14.923086362169897,34.34,33.610881388996475
27,86,1,0.0082382155243444,-16.299593930004264,34.34,33.610881388996475
27,87,0,0.0082256821703566,-17.68289158906876,34.34,33.610881388996475
28,38,25,0.0086273861801217,26.499616246666786,36.67072604422604,34.04923411187617
28,39,24,0.0086132550002264,24.950694547793937,34.34,33.610881388996475
28,40,23,0.0085989574658544,23.383145413613807,34.34,33.610881388996475
28,41,22,0.0085844959859596,21.797218944053824,34.34,33.610881388996475
28,42,21,0.0085698728828682,20.193155826237128,34.34,33.610881388996475
28,43,20,0.0085550903975304,18.57118790576134,34.34,33.610881388996475
28,44,19,0.0085401506943368,16.93153871075043,34.34,33.610881388996475
28,45,18,0.0085250558655466,15.27442393356911,34.34,33.610881388996475
28,46,17,0.0085098079353662,13.600051874495911,34.34,33.610881388996475
28,47,16,0.008494408863713,11.908623851121831,34.34,33.610881388996475
28,48,15,0.0084788605496939,10.20033457679844,34.34,33.610881388996475
28,49,14,0.0084631648348279,8.47537251108001,34.34,33.610881388996475
28,50,13,0.0084473235060338,6.733920184756954,34.34,33.610881388996475
28,51,12,0.0084313382984067,4.976154501803677,34.34,33.610881388996475
28,52,11,0.008415210897801,3.2022470202985716,34.34,33.610881388996475
28,53,10,0.0083989429432367,1.412364214160867,34.34,33.610881388996475
28,54,9,0.0083825360291454,-0.39333228264732156,34.34,33.610881388996475
28,55,8,0.0083659917074679,-2.214685447974084,34.34,33.610881388996475
28,56,7,0.0083493114896169,-4.0515426580574925,34.34,33.610881388996475
28,57,6,0.0083324968483153,-5.903755487632154,34.34,33.610881388996475
28,58,5,0.0083155492193202,-7.771179522484246,34.34,33.610881388996475
28,59,4,0.008298470003041,-9.653674183476639,34.34,33.610881388996475
28,60,3,0.0082812605660611,-11.55110256115784,34.34,33.610881388996475
28,61,2,0.0082639222425687,-13.463331260154206,34.34,33.610881388996475
28,62,1,0.008246456335705,-15.390230252610948,34.34,33.610881388996475
28,63,0,0.0082288641188354,-17.331672740023436,34.34,33.610881388996475
29,49,31,0.0086167815226292,25.337273608555375,34.34,33.610881388996475
29,50,30,0.0086053729704228,24.086575682923403,34.34,33.610881388996475
29,51,29,0.0085938601399407,22.82419048558834,34.34,33.610881388996475
29,52,28,0.0085822442191537,21.55024118655677,34.34,33.610881388996475
29,53,27,0.0085705263624081,20.264847302986883,34.34,33.610881388996475
29,54,26,0.0085587076920386,18.96812487471942,34.34,33.610881388996475
29,55,25,0.0085467892998761,17.660186628263787,34.34,33.610881388996475
29,56,24,0.0085347722486581,16.341142130197817,34.34,33.610881388996475
29,57,23,0.0085226575733496,15.011097930838147,34.34,33.610881388996475
29,58,22,0.0085104462823815,13.670157698964154,34.34,33.610881388996475
29,59,21,0.0084981393588138,12.318422348293957,34.34,33.610881388996475
29,60,20,0.0084857377614279,10.955990156351021,34.34,33.610881388996475
29,61,19,0.0084732424257558,9.582956876297203,34.34,33.610881388996475
29,62,18,0.0084606542650478,8.199415842261878,34.34,33.610881388996475
29,63,17,0.0084479741711861,6.805458068637392,34.34,33.610881388996475
29,64,16,0.0084352030155459,5.401172343783173,34.34,33.610881388996475
29,65,15,0.0084223416498101,3.9866453185348405,34.34,33.610881388996475
29,66,14,0.0084093909067381,2.5619615898798145,34.34,33.610881388996475
29,67,13,0.0083963516008944,1.1272037801349697,34.34,33.610881388996475
29,68,12,0.0083832245293377,-0.317547388068256,34.34,33.610881388996475
29,69,11,0.0083700104722754,-1.7722130207113267,34.34,33.610881388996475
29,70,10,0.0083567101936829,-3.236715984970715,34.34,33.610881388996475
29,71,9,0.0083433244418925,-4.710980845214841,34.34,33.610881388996475
29,72,8,0.008329853950153,-6.19493380220154,34.34,33.610881388996475
29,73,7,0.0083162994371609,-7.688502635268122,34.34,33.610881388996475
29,74,6,0.0083026616075668,-9.191616647332502,34.34,33.610881388996475
29,75,5,0.0082889411524566,-10.704206612528615,34.34,33.610881388996475
29,76,4,0.0082751387498111,-12.22620472631936,34.34,33.610881388996475
29,77,3,0.0082612550649427,-13.757544557936285,34.34,33.610881388996475
29,78,2,0.0082472907509135,-15.298161005010883,34.34,33.610881388996475
29,79,1,0.0082332464489335,-16.847990250267728,34.34,33.610881388996475
29,80,0,0.0082191227887408,-18.406969720160973,34.34,33.610881388996475
30,29,18,0.0086338545933385,27.208491576823246,36.57719470009419,33.794269739871076
30,30,17,0.0086140358018265,25.036288464248504,34.34,33.610881388996475
30,31,16,0.0085938389248058,22.821864002950452,34.34,33.610881388996475
30,32,15,0.0085732696715359,20.56579930744935,34.34,33.610881388996475
30,33,14,0.0085523335136148,18.268649409842496,34.34,33.610881388996475
30,34,13,0.0085310357026819,15.93094519281727,34.34,33.610881388996475
30,35,12,0.0085093812863192,13.553195126242244,34.34,33.610881388996475
30,36,11,0.008487375122381,11.135886832383513,34.34,33.610881388996475
30,37,10,0.0084650218919482,8.679488500997962,34.34,33.610881388996475
30,38,9,0.0084423261110712,6.184450172397135,34.34,33.610881388996475
30,39,8,0.008419292141445,3.651204903983711,34.34,33.610881388996475
30,40,7,0.0083959242001392,1.080169833584634,34.34,33.610881388996475
30,41,6,0.0083722263684861,-1.528252848919685,34.34,33.610881388996475
30,42,5,0.0083482026002207,-4.173675011698634,34.34,33.610881388996475
30,43,4,0.0083238567289512,-6.855721764135957,34.34,33.610881388996475
30,44,3,0.0082991924750292,-9.574030705483509,34.34,33.610881388996475
30,45,2,0.0082742134518806,-12.328251232376587,34.34,33.610881388996475
30,46,1,0.0082489231718506,-15.118043899382826,34.34,33.610881388996475
30,47,0,0.0082233250516105,-17.94307982745312,34.34,33.610881388996475
31,46,30,0.0086407877561884,27.9682091531925,27.38291527589869,32.707031459300744
31,47,29,0.0086287730096251,26.65160611760328,39.61522604422604,36.843234111876164
31,48,28,0.0086166213233612,25.319713010444296,34.34,33.610881388996475
31,49,27,0.008604334123629,23.972676365909358,34.34,33.610881388996475
31,50,26,0.008591912796547,22.61063833475012,34.34,33.610881388996475
31,51,25,0.0085793586901073,21.23373690095026,34.34,33.610881388996475
31,52,24,0.0085666731160269,19.842106083627485,34.34,33.610881388996475
31,53,23,0.0085538573514758,18.435876125436046,34.34,33.610881388996475
31,54,22,0.0085409126406914,17.01517366861036,34.34,33.610881388996475
31,55,21,0.0085278401964887,15.580121919679222,34.34,33.610881388996475
31,56,20,0.0085146412016752,14.130840803768592,34.34,33.610881388996475
31,57,19,0.0085013168103782,12.667447109329387,34.34,33.610881388996475
31,58,18,0.0084878681492905,11.190054624044222,34.34,33.610881388996475
31,59,17,0.008474296318842,9.69877426258828,34.34,33.610881388996475
31,60,16,0.008460602394302,8.193714186870984,34.34,33.610881388996475
31,61,15,0.0084467874268176,6.674979919312364,34.34,33.610881388996475
31,62,14,0.008432852444393,5.142674449670906,34.34,33.610881388996475
31,63,13,0.0084187984528139,3.596898335885861,34.34,33.610881388996475
31,64,12,0.0084046264365209,2.0377497993592755,34.34,33.610881388996475
31,65,11,0.0083903373594352,0.4653248150702609,34.34,33.610881388996475
31,66,10,0.0083759321657406,-1.1202828031295056,34.34,33.610881388996475
31,67,9,0.0083614117806243,-2.7189813217028274,34.34,33.610881388996475
31,68,8,0.0083467771109786,-4.330681010805932,34.34,33.610881388996475
31,69,7,0.0083320290460673,-5.955294071577121,34.34,33.610881388996475
31,70,6,0.008317168458159,-7.592734567085728,34.34,33.610881388996475
31,71,5,0.0083021962031276,-9.242918356703946,34.34,33.610881388996475
31,72,4,0.0082871131210249,-10.90576303368833,34.34,33.610881388996475
31,73,3,0.0082719200366245,-12.581187865769913,34.34,33.610881388996475
31,74,2,0.0082566177599403,-14.26911373856872,34.34,33.610881388996475
31,75,1,0.0082412070867206,-15.969463101663479,34.34,33.610881388996475
31,76,0,0.0082256887989193,-17.682159917156156,34.34,33.610881388996475
32,32,20,0.0086321066851269,27.016945771521332,33.824923138322625,34.42528020626559
32,33,19,0.0086143395442074,25.069585336476944,34.34,33.610881388996475
32,34,18,0.0085962771862711,23.08924160472367,34.34,33.610881388996475
32,35,17,0.008577923875266,21.076350724309087,34.34,33.610881388996475
32,36,16,0.0085592837091148,19.031330674750443,34.34,33.610881388996475
32,37,15,0.0085403606311242,16.954582511704636,34.34,33.610881388996475
32,38,14,0.0085211584403219,14.846491494760265,34.34,33.610881388996475
32,39,13,0.0085016808008483,12.70742811213946,34.34,33.610881388996475
32,40,12,0.0084819312505107,10.5377490141571,34.34,33.610881388996475
32,41,11,0.0084619132085947,8.33779786565033,34.34,33.610881388996475
32,42,10,0.0084416299830131,6.107906126241993,34.34,33.610881388996475
32,43,9,0.0084210847768642,3.848393766122996,34.34,33.610881388996475
32,44,8,0.0084002806944597,1.5595699240722496,34.34,33.610881388996475
32,45,7,0.0083792207468767,-0.7582664864061996,34.34,33.610881388996475
32,46,6,0.008357907857082,-3.104826217672546,34.34,33.610881388996475
32,47,5,0.0083363448646686,-5.479829170719306,34.34,33.610881388996475
32,48,4,0.0083145345302431,-7.883003916102169,34.34,33.610881388996475
32,49,3,0.0082924795394952,-10.314087249475122,34.34,33.610881388996475
32,50,2,0.0082701825069794,-12.772823778575102,34.34,33.610881388996475
32,51,1,0.0082476459796337,-15.258965538837543,34.34,33.610881388996475
32,52,0,0.0082248724400594,-17.772271635136633,34.34,33.610881388996475
33,39,25,0.0086215469081223,25.859619204519404,37.79666666666667,35.507881388996466
33,40,24,0.0086073843971308,24.3071028675292,34.34,33.610881388996475
33,41,23,0.0085930525302621,22.73562621477059,34.34,33.610881388996475
33,42,22,0.0085785536211996,21.14542863390138,34.34,33.610881388996475
33,43,21,0.0085638899037916,19.53674082759447,34.34,33.610881388996475
33,44,20,0.0085490635367454,17.909785324500398,34.34,33.610881388996475
33,45,19,0.008534076607944,16.264776949146444,34.34,33.610881388996475
33,46,18,0.0085189311384241,14.60192325492303,34.34,33.610881388996475
33,47,17,0.0085036290860485,12.921424923795605,34.34,33.610881388996475
33,48,16,0.0084881723489022,11.223476135960368,34.34,33.610881388996475
33,49,15,0.0084725627684386,9.508264912283856,34.34,33.610881388996475
33,50,14,0.0084568021323989,7.775973432050705,34.34,33.610881388996475
33,51,13,0.008440892177525,6.026778328257706,34.34,33.610881388996475
33,52,12,0.008424834592085,4.260850962454157,34.34,33.610881388996475
33,53,11,0.0084086310182271,2.4783576809127865,34.34,33.610881388996475
33,54,10,0.008392283054176,0.6794600537302387,34.34,33.610881388996475
33,55,9,0.0083757922562866,-1.1356849017110733,34.34,33.610881388996475
33,56,8,0.0083591601409654,-2.966924511625294,34.34,33.610881388996475
33,57,7,0.0083423881864709,-4.814110249894512,34.34,33.610881388996475
33,58,6,0.0083254778346023,-6.677097554272208,34.34,33.610881388996475
33,59,5,0.0083084304922858,-8.555745653776945,34.34,33.610881388996475
33,60,4,0.0082912475330658,-10.449917406410108,34.34,33.610881388996475
33,61,3,0.0082739302985084,-12.35947914642351,34.34,33.610881388996475
33,62,2,0.0082564800995238,-14.284300540422734,34.34,33.610881388996475
33,63,1,0.0082388982176135,-16.22425445166084,34.34,33.610881388996475
33,64,0,0.0082211859060473,-18.179216811933756,34.34,33.610881388996475
34,71,46,0.0086142872986912,25.06385808692603,34.34,33.610881388996475
34,72,45,0.0086067086539147,24.233017149602954,34.34,33.610881388996475
34,73,44,0.0085990881445504,23.39747452067224,34.34,33.610881388996475
34,74,43,0.0085914261375919,22.55726854835407,34.34,33.610881388996475
34,75,42,0.0085837229923881,21.71243675262313,34.34,33.610881388996475
34,76,41,0.0085759790609082,20.863015853931614,34.34,33.610881388996475
34,77,40,0.0085681946879932,20.009041800571623,34.34,33.610881388996475
34,78,39,0.008560370211596,19.150549794758554,34.34,33.610881388996475
34,79,38,0.0085525059630108,18.287574317506895,34.34,33.610881388996475
34,80,37,0.0085446022670913,17.420149152372502,34.34,33.610881388996475
34,81,36,0.0085366594424596,16.548307408125986,34.34,33.610881388996475
34,82,35,0.0085286778017057,15.672081540416002,34.34,33.610881388996475
34,83,34,0.0085206576515779,14.791503372482609,34.34,33.610881388996475
34,84,33,0.0085125992931658,13.90660411496912,34.34,33.610881388996475
34,85,32,0.0085045030220746,13.017414384886052,34.34,33.610881388996475
34,86,31,0.0084963691285923,12.123964223771274,34.34,33.610881388996475
34,87,30,0.0084881978978498,11.226283115087156,34.34,33.610881388996475
34,88,29,0.0084799896099752,10.32440000090051,34.34,33.610881388996475
34,89,28,0.00847174454024,9.418343297877911,34.34,33.610881388996475
34,90,27,0.0084634629592017,8.50814091263259,34.34,33.610881388996475
34,91,26,0.0084551451328385,7.593820256459665,34.34,33.610881388996475
34,92,25,0.0084467913226803,6.675408259485707,34.34,33.610881388996475
34,93,24,0.0084384017859335,5.752931384266198,34.34,33.610881388996475
34,94,23,0.0084299767756018,4.8264156388548685,34.34,33.610881388996475
34,95,22,0.0084215165406017,3.895886589372985,34.34,33.610881388996475
34,96,21,0.0084130213258743,2.9613693721021264,34.34,33.610881388996475
34,97,20,0.0084044913724919,2.0228887051222983,34.34,33.610881388996475
34,98,19,0.008395926917762,1.0804688995203762,34.34,33.610881388996475
34,99,18,0.0083873281953261,0.1341338701828434,34.34,33.610881388996475
34,100,17,0.0083786954352561,-0.8160928538004413,34.34,33.610881388996475
34,101,16,0.0083700288641464,-1.7701881191091573,34.34,33.610881388996475
34,102,15,0.0083613287052031,-2.728129138522199,34.34,33.610881388996475
34,103,14,0.00835259517833,-3.6898934815900617,34.34,33.610881388996475
34,104,13,0.0083438285002115,-4.655459065631,34.34,33.610881388996475
34,105,12,0.008335028884393,-5.624804147041168,34.34,33.610881388996475
34,106,11,0.0083261965413576,-6.597907312901761,34.34,33.610881388996475
34,107,10,0.0083173316786017,-7.574747472870875,34.34,33.610881388996475
34,108,9,0.0083084345007067,-8.555303851349912,34.34,33.610881388996475
34,109,8,0.0082995052094086,-9.539555979908911,34.34,33.610881388996475
34,110,7,0.0082905440036663,-10.527483689963532,34.34,33.610881388996475
34,111,6,0.0082815510797262,-11.51906710569186,34.34,33.610881388996475
34,112,5,0.0082725266311858,-12.514286637179573,34.34,33.610881388996475
34,113,4,0.0082634708490545,-13.513122973787858,34.34,33.610881388996475
34,114,3,0.0082543839218132,-14.515557077729952,34.34,33.610881388996475
34,115,2,0.0082452660354715,-15.521570177852169,34.34,33.610881388996475
34,116,1,0.0082361173736234,-16.531143763609364,34.34,33.610881388996475
34,117,0,0.0082269381175008,-17.544259579227983,34.34,33.610881388996475
35,43,28,0.0086364336270397,27.49110609376986,30.431226845073393,33.794269739871076
35,44,27,0.0086237303140818,26.098933014403375,33.53555937755937,34.16769758530283
35,45,26,0.0086108842081388,24.690793665327003,34.34,33.610881388996475
35,46,25,0.0085978970298831,23.26686586033495,34.34,33.610881388996475
35,47,24,0.0085847704464975,21.827321588339252,34.34,33.610881388996475
35,48,23,0.0085715060745351,20.372327324761116,34.34,33.610881388996475
35,49,22,0.0085581054825697,18.902044320095868,34.34,33.610881388996475
35,50,21,0.0085445701936551,17.416628867764857,34.34,33.610881388996475
35,51,20,0.0085309016876121,15.916232553121752,34.34,33.610881388996475
35,52,19,0.0085171014031578,14.401002485291258,34.34,33.610881388996475
35,53,18,0.0085031707398904,12.871081513326047,34.34,33.610881388996475
35,54,17,0.0084891110601425,11.32660842802592,34.34,33.610881388996475
35,55,16,0.0084749236907143,9.767718150615089,34.34,33.610881388996475
35,56,15,0.0084606099244951,8.194541909362584,34.34,33.610881388996475
35,57,14,0.0084461710219836,6.607207405112717,34.34,33.610881388996475
35,58,13,0.0084316082127145,5.005838966610469,34.34,33.610881388996475
35,59,12,0.0084169226965981,3.390557696414511,34.34,33.610881388996475
35,60,11,0.0084021156451809,1.76148160811983,34.34,33.610881388996475
35,61,10,0.0083871882028317,0.11872575554274079,34.34,33.610881388996475
35,62,9,0.0083721414878595,-1.5375976455353992,34.34,33.610881388996475
35,63,8,0.0083569765935685,-3.207379102521422,34.34,33.610881388996475
35,64,7,0.0083416945892537,-4.890511737569604,34.34,33.610881388996475
35,65,6,0.0083262965211422,-6.586891185093499,34.34,33.610881388996475
35,66,5,0.0083107834132835,-8.296415494814731,34.34,33.610881388996475
35,67,4,0.0082951562683923,-10.018985039972733,34.34,33.610881388996475
35,68,3,0.0082794160686477,-11.75450243034421,34.34,33.610881388996475
35,69,2,0.00826356377645,-13.502872429758924,34.34,33.610881388996475
35,70,1,0.0082476003351403,-15.264001877808056,34.34,33.610881388996475
35,71,0,0.0082315266696828,-17.03779961548527,34.34,33.610881388996475
36,49,31,0.008621815688375,25.889079558733975,42.25666666666666,39.01978138899647
36,50,30,0.0086104182541395,24.639711628811988,34.34,33.610881388996475
36,51,29,0.0085989127204294,23.378239005771928,34.34,33.610881388996475
36,52,28,0.008587300280839,22.104785216019447,34.34,33.610881388996475
36,53,27,0.008575582095645,20.819470162615435,34.34,33.610881388996475
36,54,26,0.0085637592933953,19.52241029824414,34.34,33.610881388996475
36,55,25,0.0085518329723951,18.213718786862707,34.34,33.610881388996475
36,56,24,0.0085398042020959,16.893505654959952,34.34,33.610881388996475
36,57,23,0.0085276740243984,15.561877933270182,34.34,33.610881388996475
36,58,22,0.0085154434548739,14.21893978970111,34.34,33.610881388996475
36,59,21,0.0085031134839111,12.864792654161903,34.34,33.610881388996475
36,60,20,0.0084906850777946,11.49953533591728,34.34,33.610881388996475
36,61,19,0.0084781591797202,10.123264134029263,34.34,33.610881388996475
36,62,18,0.0084655367107506,8.736072941405169,34.34,33.610881388996475
36,63,17,0.0084528185707173,7.3380533429158845,34.34,33.610881388996475
36,64,16,0.0084400056390718,5.929294708012264,34.34,33.610881388996475
36,65,15,0.0084270987756898,4.509884278231134,34.34,33.610881388996475
36,66,14,0.0084140988216316,3.079907249946899,34.34,33.610881388996475
36,67,13,0.0084010065998619,1.6394468526945403,34.34,33.610881388996475
36,68,12,0.008387822915932,0.18858442336338754,34.34,33.610881388996475
36,69,11,0.008374548558626,-1.27260052345882,34.34,33.610881388996475
36,70,10,0.0083611843005743,-2.7440302287451175,34.34,33.610881388996475
36,71,9,0.0083477308988362,-4.225628625653364,34.34,33.610881388996475
36,72,8,0.0083341890954533,-5.717321279300428,34.34,33.610881388996475
36,73,7,0.0083205596179761,-7.2190353294923,34.34,33.610881388996475
36,74,6,0.0083068431799647,-8.730699436220853,34.34,33.610881388996475
36,75,5,0.0082930404814662,-10.252243727762838,34.34,33.610881388996475
36,76,4,0.0082791522094689,-11.783599751220677,34.34,33.610881388996475
36,77,3,0.0082651790383363,-13.324700425359438,34.34,33.610881388996475
36,78,2,0.0082511216302204,-14.875479995607563,34.34,33.610881388996475
36,79,1,0.0082369806354568,-16.43587399109221,34.34,33.610881388996475
36,80,0,0.0082227566929419,-18.005819183594426,34.34,33.610881388996475
37,61,39,0.0086095220038193,24.541455487272486,34.34,33.610881388996475
37,62,38,0.008600592067077,23.56237940944531,34.34,33.610881388996475
37,63,37,0.0085916035197269,22.576721334374746,34.34,33.610881388996475
37,64,36,0.0085825569490959,21.584542546241817,34.34,33.610881388996475
37,65,35,0.0085734529284636,20.58590280672924,34.34,33.610881388996475
37,66,34,0.0085642920176213,19.58086041576307,34.34,33.610881388996475
37,67,33,0.0085550747634003,18.5694722689492,34.34,33.610881388996475
37,68,32,0.0085458017001729,17.551793911922346,34.34,33.610881388996475
37,69,31,0.0085364733503253,16.52787959182266,34.34,33.610881388996475
37,70,30,0.0085270902247074,15.49778230608974,34.34,33.610881388996475
37,71,29,0.0085176528230586,14.461553848749098,34.34,33.610881388996475
37,72,28,0.0085081616344123,13.419244854355092,34.34,33.610881388996475
37,73,27,0.0084986171374804,12.370904839738643,34.34,33.610881388996475
37,74,26,0.0084890198010185,11.31658224370053,34.34,33.610881388996475
37,75,25,0.0084793700841739,10.256324464773229,34.34,33.610881388996475
37,76,24,0.0084696684368164,9.190177897175417,34.34,33.610881388996475
37,77,23,0.0084599152998537,8.118187965063896,34.34,33.610881388996475
37,78,22,0.0084501111055324,7.040399155187814,34.34,33.610881388996475
37,79,21,0.0084402562777245,5.956855048037134,34.34,33.610881388996475
37,80,20,0.0084303512322011,4.8675983475729865,34.34,33.610881388996475
37,81,19,0.0084203963768946,3.772670909624644,34.34,33.610881388996475
37,82,18,0.0084103921121479,2.672113769023646,34.34,33.610881388996475
37,83,17,0.0084003388309535,1.5659671655507523,34.34,33.610881388996475
37,84,16,0.0083902369191828,0.4542705687574653,34.34,33.610881388996475
37,85,15,0.0083800867558041,-0.662937298272432,34.34,33.610881388996475
37,86,14,0.0083698887130927,-1.7856184361673826,34.34,33.610881388996475
37,87,13,0.008359643156832,-2.913735547463723,34.34,33.610881388996475
37,88,12,0.0083493504465053,-4.047252015700927,34.34,33.610881388996475
37,89,11,0.0083390109354816,-5.186131885370422,34.34,33.610881388996475
37,90,10,0.0083286249711921,-6.330339842675535,34.34,33.610881388996475
37,91,9,0.0083181928953006,-7.479841197058256,34.34,33.610881388996475
37,92,8,0.0083077150438673,-8.634601863455387,34.34,33.610881388996475
37,93,7,0.0082971917475056,-9.794588345248592,34.34,33.610881388996475
37,94,6,0.0082866233315335,-10.959767717872737,34.34,33.610881388996475
37,95,5,0.0082760101161183,-12.130107613050072,34.34,33.610881388996475
37,96,4,0.0082653524164174,-13.30557620362164,34.34,33.610881388996475
37,97,3,0.0082546505427119,-14.48614218894663,34.34,33.610881388996475
37,98,2,0.0082439048005367,-15.671774780840451,34.34,33.610881388996475
37,99,1,0.0082331154908055,-16.862443690031157,34.34,33.610881388996475
37,100,0,0.0082222829099309,-18.058119113105207,34.34,33.610881388996475
38,40,25,0.0086378969840742,27.651457312703872,30.488906347606477,34.1006388590605
38,41,24,0.0086235430249082,26.0784054088626,36.95189271089271,34.16769758530283
38,42,23,0.0086089861566371,24.4827096871502,34.34,33.610881388996475
38,43,22,0.0085942285888475,22.864594991224692,34.34,33.610881388996475
38,44,21,0.0085792724633273,21.22427871784902,34.34,33.610881388996475
38,45,20,0.0085641198578337,19.561971228365696,34.34,33.610881388996475
38,46,19,0.0085487727895718,17.877876228734515,34.34,33.610881388996475
38,47,18,0.0085332332184142,16.17219112117096,34.34,33.610881388996475
38,48,17,0.0085175030498836,14.445107330068872,34.34,33.610881388996475
38,49,16,0.0085015841379222,12.696810604588066,34.34,33.610881388996475
38,50,15,0.0084854782874667,10.927481300027445,34.34,33.610881388996475
38,51,14,0.0084691872568455,9.13729463985915,34.34,33.610881388996475
38,52,13,0.0084527127600144,7.326420960118199,34.34,33.610881388996475
38,53,12,0.008436056468645,5.495025937647242,34.34,33.610881388996475
38,54,11,0.0084192200140764,3.6432708035525536,34.34,33.610881388996475
38,55,10,0.0084022049891433,1.771312543085962,34.34,33.610881388996475
38,56,9,0.0083850129498899,-0.12069591695037474,34.34,33.610881388996475
38,57,8,0.0083676454171776,-2.032605532289466,34.34,33.610881388996475
38,58,7,0.0083501038781969,-3.964270975877483,34.34,33.610881388996475
38,59,6,0.0083323897878888,-5.915550482337416,34.34,33.610881388996475
38,60,5,0.0083145045702833,-7.886305701478392,34.34,33.610881388996475
38,61,4,0.0082964496197619,-9.876401560184519,34.34,33.610881388996475
38,62,3,0.0082782263022481,-11.88570613207424,34.34,33.610881388996475
38,63,2,0.0082598359563324,-13.914090514370002,34.34,33.610881388996475
38,64,1,0.0082412798943354,-15.961428711476358,34.34,33.610881388996475
38,65,0,0.0082225594033146,-18.02759752479632,34.34,33.610881388996475
39,29,18,0.0086415600497988,28.052829286249477,34.957380782614194,33.42199113367423
39,30,17,0.0086220593624213,25.915787961537582,42.13666666666666,39.01978138899647
39,31,16,0.0086021886300741,23.737437519642924,34.34,33.610881388996475
39,32,15,0.0085819534712721,21.518350729326368,34.34,33.610881388996475
39,33,14,0.0085613592696417,19.259074595858625,34.34,33.610881388996475
39,34,13,0.0085404111914333,16.960132272787824,34.34,33.610881388996475
39,35,12,0.0085191142012488,14.622024779271214,34.34,33.610881388996475
39,36,11,0.0084974730762158,12.245232547790685,34.34,33.610881388996475
39,37,10,0.0084754924187973,9.83021682328635,34.34,33.610881388996475
39,38,9,0.0084531766684052,7.377420931640643,34.34,33.610881388996475
39,39,8,0.0084305301119557,4.887271432856849,34.34,33.610881388996475
39,40,7,0.0084075568934891,2.3601791721252354,34.34,33.610881388996475
39,41,6,0.0083842610229577,-0.2034597598376635,34.34,33.610881388996475
39,42,5,0.0083606463842728,-2.803263147300129,34.34,33.610881388996475
39,43,4,0.0083367167426894,-5.438861842299062,34.34,33.610881388996475
39,44,3,0.0083124757515968,-8.109899022199947,34.34,33.610881388996475
39,45,2,0.0082879269587766,-10.816029505469885,34.34,33.610881388996475
39,46,1,0.0082630738121789,-13.556919119900314,34.34,33.610881388996475
39,47,0,0.0082379196652662,-16.332244118195916,34.34,33.610881388996475
40,39,25,0.0086463287514007,28.575309913503485,25.855484062178153,31.1895403559646
40,40,24,0.0086321017067962,27.016400209052893,33.824923138322625,34.42528020626559
40,41,23,0.0086176710369438,25.434778789962213,39.38,36.320881388996476
40,42,22,0.0086030390451217,23.83068083969866,34.34,33.610881388996475
40,43,21,0.00858820796153,22.204333524314645,34.34,33.610881388996475
40,44,20,0.0085731799474558,20.55595644718499,34.34,33.610881388996475
40,45,19,0.0085579570991114,18.885762068129843,34.34,33.610881388996475
40,46,18,0.008542541451179,17.193956090448538,34.34,33.610881388996475
40,47,17,0.0085269349800887,15.480737818970631,34.34,33.610881388996475
40,48,16,0.0085111396070566,13.746300491867231,34.34,33.610881388996475
40,49,15,0.0084951572009046,11.990831588658246,34.34,33.610881388996475
40,50,14,0.008478989580681,10.21451311657421,34.34,33.610881388996475
40,51,13,0.0084626385181017,8.417521877201935,34.34,33.610881388996475
40,52,12,0.008446105739825,6.600029715131818,34.34,33.610881388996475
40,53,11,0.0084293929295767,4.762203750147606,34.34,33.610881388996475
40,54,10,0.0084125017301365,2.9042065943385182,34.34,33.610881388996475
40,55,9,0.0083954337451971,1.0261965553771475,34.34,33.610881388996475
40,56,8,0.0083781905411081,-0.8716721729202845,34.34,33.610881388996475
40,57,7,0.0083607736485112,-2.789249331741061,34.34,33.610881388996475
40,58,6,0.0083431845638774,-4.726388429214225,34.34,33.610881388996475
40,59,5,0.0083254247509525,-6.682946582319403,34.34,33.610881388996475
40,60,4,0.0083074956421183,-8.658784368008952,34.34,33.610881388996475
40,61,3,0.0082893986396755,-10.653765682864268,34.34,33.610881388996475
40,62,2,0.0082711351170543,-12.667757610661909,34.34,33.610881388996475
40,63,1,0.0082527064199575,-14.700630297287702,34.34,33.610881388996475
40,64,0,0.0082341138674416,-16.752256832472852,34.34,33.610881388996475
41,26,16,0.0086423601162181,28.140491267790257,33.1088807826142,33.42199113367423
41,27,15,0.0086207973854843,25.777465100593947,33.75666666666667,33.881881388996476
41,28,14,0.0085987754766341,23.363189978633603,34.34,33.610881388996475
41,29,13,0.0085763020320788,20.898444428455928,34.34,33.610881388996475
41,30,12,0.0085533843429961,18.38396842493777,34.34,33.610881388996475
41,31,11,0.0085300293781204,15.820466535184075,34.34,33.610881388996475
41,32,10,0.0085062438093177,13.208610711857027,34.34,33.610881388996475
41,33,9,0.0084820340343963,10.549042784869975,34.34,33.610881388996475
41,34,8,0.0084574061975256,7.842376692262235,34.34,33.610881388996475
41,35,7,0.0084323662075781,5.0892004844914425,34.34,33.610881388996475
41,36,6,0.0084069197546595,2.290078131038584,34.34,33.610881388996475
41,37,5,0.0083810723250516,-0.5544488461862827,34.34,33.610881388996475
41,38,4,0.0083548292147592,-3.4438598917521546,34.34,33.610881388996475
41,39,3,0.0083281955418252,-6.377654070065866,34.34,33.610881388996475
41,40,2,0.0083011762575543,-9.3553488378085,34.34,33.610881388996475
41,41,1,0.0082737761567677,-12.376478922185733,34.34,33.610881388996475
41,42,0,0.0082459998871938,-15.440595293492464,34.34,33.610881388996475
42,62,41,0.00862202189417,25.91168118307326,42.13666666666666,39.01978138899647
42,63,40,0.0086133122540654,24.9569709329968,34.34,33.610881388996475
42,64,39,0.0086045421451234,23.995484040801728,34.34,33.610881388996475
42,65,38,0.0085957121333073,23.027279420203815,34.34,33.610881388996475
42,66,37,0.008586822771554,22.0524145710301,34.34,33.610881388996475
42,67,36,0.0085778746002785,21.07094563413603,34.34,33.610881388996475
42,68,35,0.0085688681478524,20.082927443398667,34.34,33.610881388996475
42,69,34,0.008559803931057,19.088413574981647,34.34,33.610881388996475
42,70,33,0.0085506824555126,18.087456394055316,34.34,33.610881388996475
42,71,32,0.0085415042160869,17.080107099135418,34.34,33.610881388996475
42,72,31,0.008532269697282,16.066415764194815,34.34,33.610881388996475
42,73,30,0.0085229793736024,15.046431378689476,34.34,33.610881388996475
42,74,29,0.0085136337099059,14.020201885629632,34.34,33.610881388996475
42,75,28,0.008504233161736,12.987774217815655,34.34,33.610881388996475
42,76,27,0.0084947781756403,11.949194332352093,34.34,33.610881388996475
42,77,26,0.0084852691894725,10.904507243541744,34.34,33.610881388996475
42,78,25,0.0084757066326811,9.853757054257848,34.34,33.610881388996475
42,79,24,0.0084660909265853,8.796986985880302,34.34,33.610881388996475
42,80,23,0.0084564224846373,7.734239406883148,34.34,33.610881388996475
42,81,22,0.0084467017126743,6.66555586014703,34.34,33.610881388996475
42,82,21,0.008436929009158,5.5909770890691135,34.34,33.610881388996475
42,83,20,0.0084271047654053,4.510543062540165,34.34,33.610881388996475
42,84,19,0.0084172293658075,3.424292998845516,34.34,33.610881388996475
42,85,18,0.0084073031880412,2.33226538855606,34.34,33.610881388996475
42,86,17,0.0083973266032703,1.2344980164552481,34.34,33.610881388996475
42,87,16,0.008387299976339,0.13102798256092996,34.34,33.610881388996475
42,88,15,0.0083772236659579,-0.9781082777176522,34.34,33.610881388996475
42,89,14,0.0083670980248815,-2.092874974234995,34.34,33.610881388996475
42,90,13,0.0083569234000792,-3.213236943542171,34.34,33.610881388996475
42,91,12,0.0083467001328999,-4.339159631054613,34.34,33.610881388996475
42,92,11,0.008336428559229,-5.470609073916556,34.34,33.610881388996475
42,93,10,0.0083261090096407,-6.607551884530238,34.34,33.610881388996475
42,94,9,0.0083157418095431,-7.749955234716566,34.34,33.610881388996475
42,95,8,0.0083053272793193,-8.897786840475547,34.34,33.610881388996475
42,96,7,0.0082948657344617,-10.051014947318635,34.34,33.610881388996475
42,97,6,0.0082843574857024,-11.209608316144582,34.34,33.610881388996475
42,98,5,0.0082738028391384,-12.37353620963654,34.34,33.610881388996475
42,99,4,0.0082632020963523,-13.542768379149507,34.34,33.610881388996475
42,100,3,0.0082525555545286,-14.717275052074768,34.34,33.610881388996475
42,101,2,0.0082418635065661,-15.897026919649946,34.34,33.610881388996475
42,102,1,0.0082311262411858,-17.08199512520224,34.34,33.610881388996475
42,103,0,0.0082203440430359,-18.272151252800214,34.34,33.610881388996475
43,26,17,0.0086451496150872,28.446122466978988,27.753641571335667,32.03596892739318
43,27,16,0.0086240044777257,26.128982269872214,32.705559377559375,34.16769758530283
43,28,15,0.008602414548442,23.76220835936065,34.34,33.610881388996475
43,29,14,0.0085803873335299,21.346567299982247,34.34,33.610881388996475
43,30,13,0.0085579299914276,18.882787512697675,34.34,33.610881388996475
43,31,12,0.008535049361291,16.371562394222224,34.34,33.610881388996475
43,32,11,0.0085117519883707,13.813553087849442,34.34,33.610881388996475
43,33,10,0.0084880441466404,11.209390954486473,34.34,33.610881388996475
43,34,9,0.008463931859049,8.559679784523112,34.34,33.610881388996475
43,35,8,0.008439420915709,5.864997784612285,34.34,33.610881388996475
43,36,7,0.0084145168902851,3.125899368101514,34.34,33.610881388996475
43,37,6,0.008389225154806,0.3429167734822087,34.34,33.610881388996475
43,38,5,0.0083635508930904,-2.483438468382566,34.34,33.610881388996475
43,39,4,0.0083374991129499,-5.3526742004803936,34.34,33.610881388996475
43,40,3,0.0083110746573088,-8.26431642404851,34.34,33.610881388996475
43,41,2,0.0082842822143616,-11.217908187959594,34.34,33.610881388996475
43,42,1,0.0082571263268743,-14.213008571673242,34.34,33.610881388996475
43,43,0,0.0082296114007179,-17.249191751808468,34.34,33.610881388996475
44,40,25,0.0086162423851431,25.278174659484975,34.34,33.610881388996475
44,41,24,0.00860220123182,23.738819241802947,34.34,33.610881388996475
44,42,23,0.008587997052006,22.18120252979797,34.34,33.610881388996475
44,43,22,0.0085736320304639,20.60555044267412,34.34,33.610881388996475
44,44,21,0.0085591082782662,19.01208088457684,34.34,33.610881388996475
44,45,20,0.0085444278370319,17.40100420571686,34.34,33.610881388996475
44,46,19,0.0085295926828296,15.772523627245079,34.34,33.610881388996475
44,47,18,0.0085146047297819,14.126835633464168,34.34,33.610881388996475
44,48,17,0.0084994658333973,12.464130334526729,34.34,33.610881388996475
44,49,16,0.0084841777936579,10.784591802417559,34.34,33.610881388996475
44,50,15,0.0084687423578832,9.088398382694727,34.34,33.610881388996475
44,51,14,0.0084531612233926,7.375722984190837,34.34,33.610881388996475
44,52,13,0.0084374360399827,5.646733348634768,34.34,33.610881388996475
44,53,12,0.0084215684122364,3.9015923019499112,34.34,33.610881388996475
44,54,11,0.0084055599016783,2.1404579887962285,34.34,33.610881388996475
44,55,10,0.0083894120287891,0.36348409176465424,34.34,33.610881388996475
44,56,9,0.0083731262748899,-1.4291799635084175,34.34,33.610881388996475
44,57,8,0.008356704083909,-3.2373888161691156,34.34,33.610881388996475
44,58,7,0.0083401468640379,-5.061000989880391,34.34,33.610881388996475
44,59,6,0.0083234559892873,-6.899878723537803,34.34,33.610881388996475
44,60,5,0.00830663280095,-8.753887812117135,34.34,33.610881388996475
44,61,4,0.0082896786089768,-10.622897456891963,34.34,33.610881388996475
44,62,3,0.008272594693274,-12.506780124319803,34.34,33.610881388996475
44,63,2,0.0082553823049262,-14.405411412968391,34.34,33.610881388996475
44,64,1,0.0082380426673511,-16.318669927898256,34.34,33.610881388996475
44,65,0,0.0082205769773899,-18.246437161974868,34.34,33.610881388996475
45,58,37,0.008622834427158,26.00073978725898,33.211757575757574,34.16769758530283
45,59,36,0.0086132968169093,24.95527865342101,34.34,33.610881388996475
45,60,35,0.0086036849512101,23.90149994454905,34.34,33.610881388996475
45,61,34,0.0085939995444994,22.839477771207875,34.34,33.610881388996475
45,62,33,0.0085842412940123,21.7692843746843,34.34,33.610881388996475
45,63,32,0.0085744108804842,20.690990203645143,34.34,33.610881388996475
45,64,31,0.0085645089688161,19.604663986478297,34.34,33.610881388996475
45,65,30,0.0085545362087026,18.510372799626694,34.34,33.610881388996475
45,66,29,0.0085444932352258,17.40818213219378,34.34,33.610881388996475
45,67,28,0.0085343806694176,16.298155947077156,34.34,33.610881388996475
45,68,27,0.0085241991187915,15.180356738869882,34.34,33.610881388996475
45,69,26,0.0085139491778478,14.054845588738253,34.34,33.610881388996475
45,70,25,0.0085036314285516,12.921682216485287,34.34,33.610881388996475
45,71,24,0.0084932464407878,11.780925029973268,34.34,33.610881388996475
45,72,23,0.0084827947727921,10.63263117208178,34.34,33.610881388996475
45,73,22,0.0084722769715624,9.476856565351397,34.34,33.610881388996475
45,74,21,0.0084616935732485,8.313655954461524,34.34,33.610881388996475
45,75,20,0.0084510451035247,7.14308294667368,34.34,33.610881388996475
45,76,19,0.0084403320779434,5.9651900503619615,34.34,33.610881388996475
45,77,18,0.0084295550022737,4.78002871174931,34.34,33.610881388996475
45,78,17,0.0084187143728229,3.5876493499507447,34.34,33.610881388996475
45,79,16,0.0084078106767444,2.388101390425618,34.34,33.610881388996475
45,80,15,0.0083968443923318,1.181433296929093,34.34,33.610881388996475
45,81,14,0.0083858159892993,-0.03230739794995685,34.34,33.610881388996475
45,82,13,0.0083747259290505,-1.253074063591221,34.34,33.610881388996475
45,83,12,0.0083635746649353,-2.480820943400552,34.34,33.610881388996475
45,84,11,0.0083523626424957,-3.715503128066807,34.34,33.610881388996475
45,85,10,0.0083410902997019,-4.957076529941048,34.34,33.610881388996475
45,86,9,0.0083297580671774,-6.205497858487803,34.34,33.610881388996475
45,87,8,0.0083183663684162,-7.460724596744477,34.34,33.610881388996475
45,88,7,0.00830691561999,-8.72271497874177,34.34,33.610881388996475
45,89,6,0.0082954062317478,-9.99142796783093,34.34,33.610881388996475
45,90,5,0.0082838386070073,-11.266823235874973,34.34,33.610881388996475
45,91,4,0.0082722131427386,-12.548861143258193,34.34,33.610881388996475
45,92,3,0.0082605302297411,-13.837502719673623,34.34,33.610881388996475
45,93,2,0.0082487902528134,-15.132709645652,34.34,33.610881388996475
45,94,1,0.0082369935909167,-16.43444423478995,34.34,33.610881388996475
45,95,0,0.0082251406173323,-17.742669416653357,34.34,33.610881388996475
46,43,27,0.008628082798134,26.575962709014473,33.93922604422605,33.58523411187617
46,44,26,0.0086151263959914,25.155840837096573,34.34,33.610881388996475
46,45,25,0.0086020238071265,23.719365430411145,34.34,33.610881388996475
46,46,24,0.0085887767889469,22.266717872698106,34.34,33.610881388996475
46,47,23,0.00857538704438,20.798073613844675,34.34,33.610881388996475
46,48,22,0.008561856224784,19.313602486846385,34.34,33.610881388996475
46,49,21,0.0085481859326451,17.813469001553038,34.34,33.610881388996475
46,50,20,0.0085343777240811,16.297832617334556,34.34,33.610881388996475
46,51,19,0.0085204331111696,14.766847996580601,34.34,33.610881388996475
46,52,18,0.0085063535641151,13.220665240725943,34.34,33.610881388996475
46,53,17,0.0084921405132698,11.659430110325566,34.34,33.610881388996475
46,54,16,0.0084777953510206,10.083284230535376,34.34,33.610881388996475
46,55,15,0.008463319433553,8.492365283225674,34.34,33.610881388996475
46,56,14,0.0084487140825026,6.88680718681811,34.34,33.610881388996475
46,57,13,0.0084339805865029,5.266740264844451,34.34,33.610881388996475
46,58,12,0.0084191202026375,3.6322914041138503,34.34,33.610881388996475
46,59,11,0.0084041341578045,1.9835842033050426,34.34,33.610881388996475
46,60,10,0.0083890236499999,0.3207391127092478,34.34,33.610881388996475
46,61,9,0.0083737898495254,-1.3561264342033326,34.34,33.610881388996475
46,62,8,0.0083584339001274,-3.0468978967923803,34.34,33.610881388996475
46,63,7,0.0083429569200702,-4.751463510278683,34.34,33.610881388996475
46,64,6,0.008327360003151,-6.469714175294932,34.34,33.610881388996475
46,65,5,0.0083116442196579,-8.201543353493214,34.34,33.610881388996475
46,66,4,0.0082958106172771,-9.946846968792897,34.34,33.610881388996475
46,67,3,0.0082798602219507,-11.705523313880533,34.34,33.610881388996475
46,68,2,0.0082637940386912,-13.477472961607575,34.34,33.610881388996475
46,69,1,0.0082476130523523,-15.26259868096254,34.34,33.610881388996475
46,70,0,0.0082313182283613,-17.06080535731627,34.34,33.610881388996475
47,33,21,0.0086421846258807,28.121263181694427,35.502380782614196,33.42199113367423
47,34,20,0.0086248138189029,26.217687931034074,34.90734509184509,34.16769758530283
47,35,19,0.0086071421150734,24.280540156951805,34.34,33.610881388996475
47,36,18,0.0085891733801737,22.310212390573003,34.34,33.610881388996475
47,37,17,0.0085709113394024,20.307081702374838,34.34,33.610881388996475
47,38,16,0.0085523595866561,18.271510716110328,34.34,33.610881388996475
47,39,15,0.0085335215929687,16.203848531080133,34.34,33.610881388996475
47,40,14,0.0085144007142074,14.10443156319851,34.34,33.610881388996475
47,41,13,0.0084950001981064,11.973584313864123,34.34,33.610881388996475
47,42,12,0.0084753231907108,9.811620074464017,34.34,33.610881388996475
47,43,11,0.0084553727422935,7.61884157330762,34.34,33.610881388996475
47,44,10,0.0084351518127979,5.395541570942491,34.34,33.610881388996475
47,45,9,0.0084146632768567,3.1420034090514974,34.34,33.610881388996475
47,46,8,0.0083939099284262,0.8585015175119111,34.34,33.610881388996475
47,47,7,0.0083728944850754,-1.4546981163441117,34.34,33.610881388996475
47,48,6,0.0083516195919605,-3.797337512709717,34.34,33.610881388996475
47,49,5,0.0083300878255157,-6.169166295348951,34.34,33.610881388996475
47,50,4,0.0083083016968843,-8.56994131590534,34.34,33.610881388996475
47,51,3,0.0082862636551152,-10.999426303960682,34.34,33.610881388996475
47,52,2,0.0082639760901427,-13.457391540609791,34.34,33.610881388996475
47,53,1,0.0082414413355703,-15.943613553541994,34.34,33.610881388996475
47,54,0,0.0082186616712743,-18.4578748318379,34.34,33.610881388996475
48,46,29,0.0086270801394797,26.466075157266307,30.700726044226048,32.77423411187617
48,47,28,0.0086150788918038,25.150633413249153,34.34,33.610881388996475
48,48,27,0.0086029520071787,23.82113767357164,34.34,33.610881388996475
48,49,26,0.0085907009114927,22.477735281917298,34.34,33.610881388996475
48,50,25,0.0085783269889743,21.120569045670717,34.34,33.610881388996475
48,51,24,0.0085658315842867,19.74977746398932,34.34,33.610881388996475
48,52,23,0.0085532160044778,18.36549494013829,34.34,33.610881388996475
48,53,22,0.0085404815207982,16.967851979458807,34.34,33.610881388996475
48,54,21,0.0085276293703984,15.556975374191815,34.34,33.610881388996475
48,55,20,0.0085146607579158,14.132988376262773,34.34,33.610881388996475
48,56,19,0.0085015768569596,12.696010859014905,34.34,33.610881388996475
48,57,18,0.0084883788115032,11.246159468784114,34.34,33.610881388996475
48,58,17,0.0084750677371901,9.783547767121163,34.34,33.610881388996475
48,59,16,0.0084616447225608,8.308286364391478,34.34,33.610881388996475
48,60,15,0.0084481108302065,6.820483045410647,34.34,33.610881388996475
48,61,14,0.0084344670978556,5.3202428877192105,34.34,33.610881388996475
48,62,13,0.0084207145393966,3.8076683730395047,34.34,33.610881388996475
48,63,12,0.0084068541458446,2.2828594924126833,34.34,33.610881388996475
48,64,11,0.0083928868862519,0.7459138454693743,34.34,33.610881388996475
48,65,10,0.0083788137085703,-0.8030732657531701,34.34,33.610881388996475
48,66,9,0.008364635540466,-2.36400874806408,34.34,33.610881388996475
48,67,8,0.0083503532900909,-3.93680163310124,34.34,33.610881388996475
48,68,7,0.0083359678468138,-5.521362997718924,34.34,33.610881388996475
48,69,6,0.008321480081914,-7.117605888489614,34.34,33.610881388996475
48,70,5,0.0083068908492392,-8.725445250051173,34.34,33.610881388996475
48,71,4,0.0082922009858301,-10.344797857051724,34.34,33.610881388996475
48,72,3,0.0082774113125151,-11.975582249460167,34.34,33.610881388996475
48,73,2,0.008262522634475,-13.61771867103458,34.34,33.610881388996475
48,74,1,0.008247535741781,-15.271129010753128,34.34,33.610881388996475
48,75,0,0.008232451409907,-16.935736747022844,34.34,33.610881388996475
49,59,39,0.0086142406322502,25.058742421380828,34.34,33.610881388996475
49,60,38,0.0086051121825106,24.057983053851043,34.34,33.610881388996475
49,61,37,0.0085959230270871,23.050405535828325,34.34,33.610881388996475
49,62,36,0.0085866738022867,22.036076334193638,34.34,33.610881388996475
49,63,35,0.0085773651286037,21.01506020259925,34.34,33.610881388996475
49,64,34,0.0085679976113718,19.987420252212527,34.34,33.610881388996475
49,65,33,0.0085585718413779,18.953218018479753,34.34,33.610881388996475
49,66,32,0.008549088395443,17.9125135241823,34.34,33.610881388996475
49,67,31,0.0085395478369709,16.865365339052737,34.34,33.610881388996475
49,68,30,0.0085299507164676,15.811830636182279,34.34,33.610881388996475
49,69,29,0.008520297572033,14.751965245439095,34.34,33.610881388996475
49,70,28,0.0085105889298275,13.685823704095661,34.34,33.610881388996475
49,71,27,0.0085008253045134,12.613459304850643,34.34,33.610881388996475
49,72,26,0.0084910071996756,11.534924141412041,34.34,33.610881388996475
49,73,25,0.0084811351082197,10.450269151801706,34.34,33.610881388996475
49,74,24,0.0084712095127515,9.359544159518137,34.34,33.610881388996475
49,75,23,0.0084612308859373,8.262797912699682,34.34,33.610881388996475
49,76,22,0.0084511996908479,7.160078121402385,34.34,33.610881388996475
49,77,21,0.0084411163812852,6.051431493112517,34.34,33.610881388996475
49,78,20,0.0084309814020941,4.936903766598171,34.34,33.610881388996475
49,79,19,0.0084207951894601,3.816539744196028,34.34,33.610881388996475
49,80,18,0.0084105581711932,2.690383322625138,34.34,33.610881388996475
49,81,17,0.0084002707669989,1.5584775224158136,34.34,33.610881388996475
49,82,16,0.0083899333887373,0.42086451602800423,34.34,33.610881388996475
49,83,15,0.008379546440671,-0.7224143452661735,34.34,33.610881388996475
49,84,14,0.0083691103197019,-1.871318505664739,34.34,33.610881388996475
49,85,13,0.0083586254155979,-3.0258081802223984,34.34,33.610881388996475
49,86,12,0.0083480921112108,-4.185844331278304,34.34,33.610881388996475
49,87,11,0.0083375107826834,-5.3513886458738185,34.34,33.610881388996475
49,88,10,0.0083268817996502,-6.522403514102081,34.34,33.610881388996475
49,89,9,0.0083162055254277,-7.698852008345099,34.34,33.610881388996475
49,90,8,0.008305482317199,-8.880697863351564,34.34,33.610881388996475
49,91,7,0.0082947125261895,-10.067905457110001,34.34,33.610881388996475
49,92,6,0.0082838964978365,-11.260439792481314,34.34,33.610881388996475
49,93,5,0.0082730345719518,-12.458266479547063,34.34,33.610881388996475
49,94,4,0.0082621270828785,-13.661351718644895,34.34,33.610881388996475
49,95,3,0.008251174359641,-14.869662284050406,34.34,33.610881388996475
49,96,2,0.0082401767260898,-16.083165508279805,34.34,33.610881388996475
49,97,1,0.0082291345010415,-17.301829266979922,34.34,33.610881388996475
49,98,0,0.008218047998412,-18.525621964380576,34.34,33.610881388996475
50,49,32,0.0086135795761009,24.986275714831564,34.34,33.610881388996475
50,50,31,0.0086026133868235,23.784009929779526,34.34,33.610881388996475
50,51,30,0.0085915589844685,22.571837337263105,34.34,33.610881388996475
50,52,29,0.0085804174706417,21.349872964960994,34.34,33.610881388996475
50,53,28,0.0085691899143621,20.118228309388787,34.34,33.610881388996475
50,54,27,0.0085578773536569,18.877011509158372,34.34,33.610881388996475
50,55,26,0.0085464807970497,17.626327506668083,34.34,33.610881388996475
50,56,25,0.0085350012249513,16.36627819920036,34.34,33.610881388996475
50,57,24,0.0085234395909613,15.096962580291923,34.34,33.610881388996475
50,58,23,0.0085117968230871,13.81847687216974,34.34,33.610881388996475
50,59,22,0.0085000738248877,12.530914649954212,34.34,33.610881388996475
50,60,21,0.0084882714765472,11.23436695828262,34.34,33.610881388996475
50,61,20,0.0084763906358847,9.928922420923797,34.34,33.610881388996475
50,62,19,0.0084644321393033,8.614667343923614,34.34,33.610881388996475
50,63,18,0.0084523968026857,7.291685812753919,34.34,33.610881388996475
50,64,17,0.008440285422237,5.9600597839075675,34.34,33.610881388996475
50,65,16,0.0084280987752815,4.6198691713391185,34.34,33.610881388996475
50,66,15,0.0084158376210143,3.2711919281143906,34.34,33.610881388996475
50,67,14,0.0084035027012126,1.9141041236045027,34.34,33.610881388996475
50,68,13,0.0083910947409088,0.5486800165315273,34.34,33.610881388996475
50,69,12,0.0083786144490274,-0.8250078758569259,34.34,33.610881388996475
50,70,11,0.0083660625189896,-2.2068887122193743,34.34,33.610881388996475
50,71,10,0.008353439629286,-3.5968932649293137,34.34,33.610881388996475
50,72,9,0.0083407464440207,-4.994953861035555,34.34,33.610881388996475
50,73,8,0.0083279836134284,-6.4010043261752045,34.34,33.610881388996475
50,74,7,0.0083151517743654,-7.814979931254449,34.34,33.610881388996475
50,75,6,0.0083022515507778,-9.23681734172137,34.34,33.610881388996475
50,76,5,0.0082892835541459,-10.666454569276247,34.34,33.610881388996475
50,77,4,0.0082762483839087,-12.10383092586595,34.34,33.610881388996475
50,78,3,0.0082631466278679,-13.548886979833114,34.34,33.610881388996475
50,79,2,0.0082499788625741,-15.001564514085672,34.34,33.610881388996475
50,80,1,0.0082367456536942,-16.461806486174424,34.34,33.610881388996475
50,81,0,0.0082234475563633,-17.929556990165878,34.34,33.610881388996475
51,35,22,0.0086129511613813,24.917386463253187,34.34,33.610881388996475
51,36,21,0.0085971727719054,23.187447843854972,34.34,33.610881388996475
51,37,20,0.0085812013003104,21.43584867703206,34.34,33.610881388996475
51,38,19,0.0085650398782131,19.662914210995837,34.34,33.610881388996475
51,39,18,0.0085486915140604,17.868956325645286,34.34,33.610881388996475
51,40,17,0.0085321591012254,16.05427441285694,34.34,33.610881388996475
51,41,16,0.0085154454253794,14.219156178112513,34.34,33.610881388996475
51,42,15,0.0084985531712226,12.363878372257005,34.34,33.610881388996475
51,43,14,0.0084814849286425,10.488707461000793,34.34,33.610881388996475
51,44,13,0.0084642431983602,8.593900238797872,34.34,33.610881388996475
51,45,12,0.0084468303971195,6.679704392888432,34.34,33.610881388996475
51,46,11,0.0084292488624643,4.746359022572456,34.34,33.610881388996475
51,47,10,0.0084115008571446,2.794095118173111,34.34,33.610881388996475
51,48,9,0.0083935885731889,0.8231360036088589,34.34,33.610881388996475
51,49,8,0.0083755141356737,-1.166302253948544,34.34,33.610881388996475
51,50,7,0.0083572796062186,-3.174010464265187,34.34,33.610881388996475
51,51,6,0.0083388869862316,-5.199785961348368,34.34,33.610881388996475
51,52,5,0.0083203382199281,-7.243432275433115,34.34,33.610881388996475
51,53,4,0.0083016351971429,-9.304758827479219,34.34,33.610881388996475
51,54,3,0.0082827797559526,-11.383580644238478,34.34,33.610881388996475
51,55,2,0.0082637736851249,-13.479718092147664,34.34,33.610881388996475
51,56,1,0.0082446187264098,-15.592996628485537,34.34,33.610881388996475
51,57,0,0.0082253165766843,-17.723246568378414,34.34,33.610881388996475
52,30,19,0.0086388620381699,27.757203404013378,31.77957301427315,34.1006388590605
52,31,18,0.0086198289293385,25.671312398919138,39.71,36.86288138899647
52,32,17,0.0086004321794935,23.54484796697735,34.34,33.610881388996475
52,33,16,0.0085806768710823,21.37832588252292,34.34,33.610881388996475
52,34,15,0.0085605678853678,19.172239782501535,34.34,33.610881388996475
52,35,14,0.0085401099168801,16.92706274590295,34.34,33.610881388996475
52,36,13,0.0085193074864491,14.643248718179358,34.34,33.610881388996475
52,37,12,0.0084981649529906,12.321233799793895,34.34,33.610881388996475
52,38,11,0.0084766865241977,9.961437415205317,34.34,33.610881388996475
52,39,10,0.0084548762662642,7.564263376268805,34.34,33.610881388996475
52,40,9,0.008432738112751,5.130100852075174,34.34,33.610881388996475
52,41,8,0.0084102758726903,2.659325255609737,34.34,33.610881388996475
52,42,7,0.008387493238011,0.152299056235222,34.34,33.610881388996475
52,43,6,0.0083643937903553,-2.39062747415786,34.34,33.610881388996475
52,44,5,0.008340981007352,-4.969115574499099,34.34,33.610881388996475
52,45,4,0.0083172582683985,-7.582837361377514,34.34,33.610881388996475
52,46,3,0.0082932288600023,-10.231475244104516,34.34,33.610881388996475
52,47,2,0.0082688959807229,-12.914721383352244,34.34,33.610881388996475
52,48,1,0.0082442627457531,-15.632277189254452,34.34,33.610881388996475
52,49,0,0.0082193321911716,-18.383852855327916,34.34,33.610881388996475
53,30,19,0.0086327443012071,27.08682008231017,34.862660512059996,33.794269739871076
53,31,18,0.0086139432274448,25.02614023228081,34.34,33.610881388996475
53,32,17,0.0085948105389784,22.928411736321976,34.34,33.610881388996475
53,33,16,0.0085753513457704,20.79415757361977,34.34,33.610881388996475
53,34,15,0.0085555705462203,18.62387757566686,34.34,33.610881388996475
53,35,14,0.0085354728425758,16.41805010744865,34.34,33.610881388996475
53,36,13,0.0085150627548117,14.177133581567631,34.34,33.610881388996475
53,37,12,0.0084943446331666,11.90156782612867,34.34,33.610881388996475
53,38,11,0.0084733226695017,9.591775324109875,34.34,33.610881388996475
53,39,10,0.0084520009076189,7.248162339385026,34.34,33.610881388996475
53,40,9,0.0084303832526592,4.8711199424275335,34.34,33.610881388996475
53,41,8,0.0084084734796843,2.4610249469368384,34.34,33.610881388996475
53,42,7,0.0083862752415304,0.01824076712174616,34.34,33.610881388996475
53,43,6,0.0083637920760112,-2.456881795893807,34.34,33.610881388996475
53,44,5,0.0083410274125402,-4.964003831158109,34.34,33.610881388996475
53,45,4,0.0083179845782286,-7.502797652015602,34.34,33.610881388996475
53,46,3,0.008294666803513,-10.072946181581997,34.34,33.610881388996475
53,47,2,0.0082710772273577,-12.674142384580826,34.34,33.610881388996475
53,48,1,0.008247218902073,-15.306088741121386,34.34,33.610881388996475
53,49,0,0.0082230947977843,-17.96849675850966,34.34,33.610881388996475
54,35,23,0.008633671649629,27.188443832758004,36.89719470009419,33.794269739871076
54,36,22,0.0086183186825205,25.50577027572434,39.41,36.320881388996476
54,37,21,0.0086027666449536,23.800813815938607,34.34,33.610881388996475
54,38,20,0.0085870186144312,22.073893615820108,34.34,33.610881388996475
54,39,19,0.0085710775497241,20.325315931975005,34.34,33.610881388996475
54,40,18,0.0085549462986049,18.555374956769285,34.34,33.610881388996475
54,41,17,0.0085386276048971,16.764353585221244,34.34,33.610881388996475
54,42,16,0.0085221241149134,14.952524115510542,34.34,33.610881388996475
54,43,15,0.00850543838335,13.120148890305423,34.34,33.610881388996475
54,44,14,0.0084885728786955,11.267480885171366,34.34,33.610881388996475
54,45,13,0.0084715299882036,9.394764249546448,34.34,33.610881388996475
54,46,12,0.0084543120224734,7.502234805073705,34.34,33.610881388996475
54,47,11,0.0084369212196779,5.590120505517852,34.34,33.610881388996475
54,48,10,0.0084193597494722,3.658641861982254,34.34,33.610881388996475
54,49,9,0.0084016297166145,1.70801233671898,34.34,33.610881388996475
54,50,8,0.0083837331643245,-0.26156129155256735,34.34,33.610881388996475
54,51,7,0.0083656720774036,-2.2498785882247176,34.34,33.610881388996475
54,52,6,0.0083474483851391,-4.256745146969408,34.34,33.610881388996475
54,53,5,0.0083290639640101,-6.281972295430464,34.34,33.610881388996475
54,54,4,0.0083105206402123,-8.325376820590613,34.34,33.610881388996475
54,55,3,0.0082918201920182,-10.386780712161581,34.34,33.610881388996475
54,56,2,0.008272964351984,-12.466010922500843,34.34,33.610881388996475
54,57,1,0.0082539548090182,-14.562899141718177,34.34,33.610881388996475
54,58,0,0.0082347932103211,-16.677281586756152,34.34,33.610881388996475
55,34,22,0.0086310433839334,26.90042023983245,34.42143828983778,34.42528020626559
55,35,21,0.0086149402715412,25.13543779189806,34.34,33.610881388996475
55,36,20,0.0085986067766457,23.3446916737829,34.34,33.610881388996475
55,37,19,0.0085820463418343,21.528537183151236,34.34,33.610881388996475
55,38,18,0.0085652622771645,19.687315177802695,34.34,33.610881388996475
55,39,17,0.0085482577689236,17.821353029811213,34.34,33.610881388996475
55,40,16,0.0085310358875987,15.930965493601242,34.34,33.610881388996475
55,41,15,0.0085135995951454,14.016455497686593,34.34,33.610881388996475
55,42,14,0.008495951751633,12.078114868502993,34.34,33.610881388996475
55,43,13,0.0084780951213339,10.116224993643762,34.34,33.610881388996475
55,44,12,0.0084600323783143,8.13105743087204,34.34,33.610881388996475
55,45,11,0.0084417661115786,6.122874468485811,34.34,33.610881388996475
55,46,10,0.0084232988298124,4.091929641915861,34.34,33.610881388996475
55,47,9,0.0084046329657625,2.03846821086573,34.34,33.610881388996475
55,48,8,0.0083857708802895,-0.03727239921791892,34.34,33.610881388996475
55,49,7,0.0083667148661243,-2.135062187983735,34.34,33.610881388996475
55,50,6,0.0083474671513552,-4.254678200342987,34.34,33.610881388996475
55,51,5,0.0083280299026689,-6.395904173317632,34.34,33.610881388996475
55,52,4,0.0083084052283703,-8.558530207204093,34.34,33.610881388996475
55,53,3,0.0082885951811965,-10.742352458942236,34.34,33.610881388996475
55,54,2,0.0082686017609455,-12.94717285579486,34.34,33.610881388996475
55,55,1,0.0082484269169332,-15.172798827643078,34.34,33.610881388996475
55,56,0,0.0082280725502948,-17.41904305636352,34.34,33.610881388996475
56,34,22,0.0086273726053056,26.498128493462218,36.67072604422604,34.04923411187617
56,35,21,0.0086115479442168,24.763557613115704,34.34,33.610881388996475
56,36,20,0.0085955165113971,23.005827904849983,34.34,33.610881388996475
56,37,19,0.0085792816499923,21.225286400368255,34.34,33.610881388996475
56,38,18,0.0085628465696667,19.422265629697886,34.34,33.610881388996475
56,39,17,0.0085462143555573,17.59708459538834,34.34,33.610881388996475
56,40,16,0.0085293879764128,15.750049657797675,34.34,33.610881388996475
56,41,15,0.0085123702920079,13.881455341617205,34.34,33.610881388996475
56,42,14,0.0084951640599145,11.991585072407027,34.34,33.610881388996475
56,43,13,0.0084777719416999,10.080711850743114,34.34,33.610881388996475
56,44,12,0.0084601965086124,8.149098870600135,34.34,33.610881388996475
56,45,11,0.0084424402468074,6.197000087753153,34.34,33.610881388996475
56,46,10,0.0084245055621612,4.22466074326362,34.34,33.610881388996475
56,47,9,0.0084063947847122,2.23231784650298,34.34,33.610881388996475
56,48,8,0.0083881101727674,0.2202006216446506,34.34,33.610881388996475
56,49,7,0.0083696539167039,-1.8114690789121255,34.34,33.610881388996475
56,50,6,0.0083510281424954,-3.8624763911006,34.34,33.610881388996475
56,51,5,0.0083322349149883,-5.9326130830027,34.34,33.610881388996475
56,52,4,0.0083132762409494,-8.021677223476743,34.34,33.610881388996475
56,53,3,0.0082941540719054,-10.129472873430622,34.34,33.610881388996475
56,54,2,0.0082748703067927,-12.255809797787649,34.34,33.610881388996475
56,55,1,0.0082554267944323,-14.400503196399171,34.34,33.610881388996475
56,56,0,0.0082358253358458,-16.56337345233625,34.34,33.610881388996475
57,54,35,0.0086352306192634,27.359280233809063,33.13113842303792,33.794269739871076
57,55,34,0.0086250314093777,26.241536133242576,34.84734509184509,34.16769758530283
57,56,33,0.0086147375116744,25.113211088630482,34.34,33.610881388996475
57,57,32,0.0086043498130351,23.974396570275108,34.34,33.610881388996475
57,58,31,0.0085938691784303,22.825181659288262,34.34,33.610881388996475
57,59,30,0.0085832964518617,21.66565315030551,34.34,33.610881388996475
57,60,29,0.0085726324572495,20.495895648111514,34.34,33.610881388996475
57,61,28,0.0085618779992673,19.315991658633223,34.34,33.610881388996475
57,62,27,0.0085510338641297,18.12602167471364,34.34,33.610881388996475
57,63,26,0.0085401008203346,16.926064257048907,34.34,33.610881388996475
57,64,25,0.0085290796193654,15.7161961106317,34.34,33.610881388996475
57,65,24,0.0085179709963541,14.496492157018551,34.34,33.610881388996475
57,66,23,0.0085067756707084,13.267025602709339,34.34,33.610881388996475
57,67,22,0.0084954943467069,12.02786800390485,34.34,33.610881388996475
57,68,21,0.0084841277140615,10.779089327884257,34.34,33.610881388996475
57,69,20,0.0084726764484522,9.520758011228438,34.34,33.610881388996475
57,70,19,0.0084611412120345,8.252941015092539,34.34,33.610881388996475
57,71,18,0.0084495226539208,6.975703877719724,34.34,33.610881388996475
57,72,17,0.008437821410639,5.689110764367477,34.34,33.610881388996475
57,73,16,0.0084260381065684,4.39322451481376,34.34,33.610881388996475
57,74,15,0.0084141733543546,3.0881066885852917,34.34,33.610881388996475
57,75,14,0.0084022277553049,1.7738176080528518,34.34,33.610881388996475
57,76,13,0.0083902018997655,0.45041639951591605,34.34,33.610881388996475
57,77,12,0.0083780963674812,-0.8820389675985041,34.34,33.610881388996475
57,78,11,0.0083659117279387,-2.2234916433196688,34.34,33.610881388996475
57,79,10,0.0083536485406942,-3.573885861389087,34.34,33.610881388996475
57,80,9,0.0083413073556875,-4.93316690510035,34.34,33.610881388996475
57,81,8,0.0083288887135414,-6.301281074628143,34.34,33.610881388996475
57,82,7,0.0083163931458484,-7.678175655769444,34.34,33.610881388996475
57,83,6,0.0083038211754456,-9.063798890013402,34.34,33.610881388996475
57,84,5,0.0082911733166775,-10.458099945872831,34.34,33.610881388996475
57,85,4,0.0082784500756483,-11.86102889140605,34.34,33.610881388996475
57,86,3,0.0082656519504636,-13.27253666787091,34.34,33.610881388996475
57,87,2,0.0082527794314621,-14.692575064444966,34.34,33.610881388996475
57,88,1,0.0082398330014384,-16.12109669396493,34.34,33.610881388996475
57,89,0,0.0082268131358566,-17.558054969623157,34.34,33.610881388996475
58,58,38,0.0086321570236632,27.022462239589007,33.824923138322625,34.42528020626559
58,59,37,0.008622776429122,25.994382888751186,33.381757575757575,34.16769758530283
58,60,36,0.0086133171820604,24.957511158393892,34.34,33.610881388996475
58,61,35,0.0086037799905384,23.911920276925244,34.34,33.610881388996475
58,62,34,0.0085941655460386,22.857681667265716,34.34,33.610881388996475
58,63,33,0.0085844745241372,21.794865019890008,34.34,33.610881388996475
58,64,32,0.0085747075851372,20.72353836179617,34.34,33.610881388996475
58,65,31,0.0085648653746666,19.643768121690382,34.34,33.610881388996475
58,66,30,0.0085549485242454,18.55561919164944,34.34,33.610881388996475
58,67,29,0.0085449576518207,17.45915498550206,34.34,33.610881388996475
58,68,28,0.0085348933622757,16.354437494150936,34.34,33.610881388996475
58,69,27,0.0085247562479106,15.241527338037699,34.34,33.610881388996475
58,70,26,0.0085145468889003,14.120483816938375,34.34,33.610881388996475
58,71,25,0.0085042658537288,12.991364957260942,34.34,33.610881388996475
58,72,24,0.0084939136996015,11.854227557005835,34.34,33.610881388996475
58,73,23,0.0084834909728387,10.709127228531273,34.34,33.610881388996475
58,74,22,0.0084729982092486,9.556118439265283,34.34,33.610881388996475
58,75,21,0.008462435934484,8.395254550485028,34.34,33.610881388996475
58,76,20,0.0084518046643812,7.226587854281377,34.34,33.610881388996475
58,77,19,0.0084411049052844,6.050169608816056,34.34,33.610881388996475
58,78,18,0.0084303371543542,4.866050071973419,34.34,33.610881388996475
58,79,17,0.0084195018998625,3.674278533496441,34.34,33.610881388996475
58,80,16,0.0084085996214753,2.474903345695033,34.34,33.610881388996475
58,81,15,0.0083976307905214,1.267971952809539,34.34,33.610881388996475
58,82,14,0.0083865958702509,0.05353091910009766,34.34,33.610881388996475
58,83,13,0.008375495316082,-1.1683740442658461,34.34,33.610881388996475
58,84,12,0.0083643295758371,-2.397698053461525,34.34,33.610881388996475
58,85,11,0.0083530990899699,-3.6343970273247166,34.34,33.610881388996475
58,86,10,0.0083418042917824,-4.87842766370153,34.34,33.610881388996475
58,87,9,0.0083304456076329,-6.129747416752899,34.34,33.610881388996475
58,88,8,0.0083190234571367,-7.388314475178149,34.34,33.610881388996475
58,89,7,0.0083075382533576,-8.654087741306306,34.34,33.610881388996475
58,90,6,0.0082959904029921,-9.92702681101023,34.34,33.610881388996475
58,91,5,0.0082843803065473,-11.207091954404518,34.34,33.610881388996475
58,92,4,0.0082727083585108,-12.494244097288771,34.34,33.610881388996475
58,93,3,0.0082609749475149,-13.788444803295022,34.34,33.610881388996475
58,94,2,0.0082491804564938,-15.089656256711919,34.34,33.610881388996475
58,95,1,0.0082373252628363,-16.397841245947802,34.34,33.610881388996475
58,96,0,0.0082254097385311,-17.712963147604768,34.34,33.610881388996475
59,42,27,0.0086140070812281,25.033140043220243,34.34,33.610881388996475
59,43,26,0.0086008815757392,23.594123489897296,34.34,33.610881388996475
59,44,25,0.0085876257330488,22.140478807249554,34.34,33.610881388996475
59,45,24,0.0085742413683409,20.672394840448536,34.34,33.610881388996475
59,46,23,0.0085607302359316,19.190053832882906,34.34,33.610881388996475
59,47,22,0.0085470940326725,17.693631796178025,34.34,33.610881388996475
59,48,21,0.0085333344010957,16.18329885200494,34.34,33.610881388996475
59,49,20,0.0085194529323244,14.659219548375361,34.34,33.610881388996475
59,50,19,0.00850545116877,13.12155315281251,34.34,33.610881388996475
59,51,18,0.0084913306066372,11.5704539245179,34.34,33.610881388996475
59,52,17,0.0084770926982522,10.006071367425221,34.34,33.610881388996475
59,53,16,0.0084627388542316,8.428550465824024,34.34,33.610881388996475
59,54,15,0.0084482704455043,6.838031904064472,34.34,33.610881388996475
59,55,14,0.0084336888051997,5.234652271692298,34.34,33.610881388996475
59,56,13,0.0084189952304131,3.61854425523088,34.34,33.610881388996475
59,57,12,0.0084041909838582,1.9898368177020913,34.34,33.610881388996475
59,58,11,0.0083892772954159,0.3486553668716965,34.34,33.610881388996475
59,59,10,0.0083742553635877,-1.3048780868867311,34.34,33.610881388996475
59,60,9,0.0083591263568614,-2.97064478230795,34.34,33.610881388996475
59,61,8,0.0083438914149945,-4.648529067792673,34.34,33.610881388996475
59,62,7,0.0083285516502228,-6.338418270150399,34.34,33.610881388996475
59,63,6,0.0083131081484003,-8.040202570913976,34.34,33.610881388996475
59,64,5,0.0082975619700724,-9.753774889682887,34.34,33.610881388996475
59,65,4,0.0082819141514911,-11.479030773986487,34.34,33.610881388996475
59,66,3,0.0082661657055734,-13.215868295210342,34.34,33.610881388996475
59,67,2,0.0082503176228078,-14.96418795016426,34.34,33.610881388996475
59,68,1,0.0082343708721126,-16.723892567905907,34.34,33.610881388996475
59,69,0,0.0082183264016498,-18.494887221467167,34.34,33.610881388996475
60,32,21,0.0086520776191743,29.20512360197457,30.598525751493824,32.43264984781513
60,33,20,0.0086350549365445,27.34002864827906,36.526971756371246,33.794269739871076
60,34,19,0.0086177317806469,25.441437228196033,39.38,36.320881388996476
60,35,18,0.0086001121727121,23.509759537175803,34.34,33.610881388996475
60,36,17,0.0085821999818912,21.545389067086724,34.34,33.610881388996475
60,37,16,0.008563998935595,19.548703735540357,34.34,33.610881388996475
60,38,15,0.008545512628871,17.52006691014342,34.34,33.610881388996475
60,39,14,0.008526744532929,15.459828339985123,34.34,33.610881388996475
60,40,13,0.0085076980029136,13.368325004940814,34.34,33.610881388996475
60,41,12,0.0084883762850075,11.24588189193446,34.34,33.610881388996475
60,42,11,0.0084687825229379,9.092812706084906,34.34,33.610881388996475
60,43,10,0.0084489197639488,6.909420523626473,34.34,33.610881388996475
60,44,9,0.0084287909642959,4.695998392627359,34.34,33.610881388996475
60,45,8,0.0084083989943104,2.4528298867800444,34.34,33.610881388996475
60,46,7,0.0083877466430759,0.18018961689474366,34.34,33.610881388996475
60,47,6,0.0083668366227556,-2.1216562958145673,34.34,33.610881388996475
60,48,5,0.0083456715726013,-4.45244978103954,34.34,33.610881388996475
60,49,4,0.0083242540626764,-6.81194041208537,34.34,33.610881388996475
60,50,3,0.0083025865973164,-9.199885027125077,34.34,33.610881388996475
60,51,2,0.0082806716183511,-11.616047376468487,34.34,33.610881388996475
60,52,1,0.0082585115081104,-14.060197793580087,34.34,33.610881388996475
60,53,0,0.0082361085922294,-16.532112887817263,34.34,33.610881388996475
61,54,35,0.0086145397310546,25.09153013787414,34.34,33.610881388996475
61,55,34,0.0086043956504055,23.979422229050797,34.34,33.610881388996475
61,56,33,0.0085941751429332,22.858734070762623,34.34,33.610881388996475
61,57,32,0.0085838790606185,21.72955446122948,34.34,33.610881388996475
61,58,31,0.0085735082326868,20.59196973189585,34.34,33.610881388996475
61,59,30,0.0085630634666205,19.446063857471085,34.34,33.610881388996475
61,60,29,0.0085525455491101,18.291918559271004,34.34,33.610881388996475
61,61,28,0.0085419552469485,17.12961340237444,34.34,33.610881388996475
61,62,27,0.0085312933078726,15.95922588706157,34.34,33.610881388996475
61,63,26,0.0085205604613559,14.780831534956825,34.34,33.610881388996475
61,64,25,0.0085097574193567,13.594503970262501,34.34,33.610881388996475
61,65,24,0.0084988848770237,12.400314996435519,34.34,33.610881388996475
61,66,23,0.0084879435133627,11.198334668629236,34.34,33.610881388996475
61,67,22,0.0084769339918678,9.988631362197864,34.34,33.610881388996475
61,68,21,0.0084658569611176,8.771271837525994,34.34,33.610881388996475
61,69,20,0.0084547130553413,7.546321301441964,34.34,33.610881388996475
61,70,19,0.0084435028949544,6.31384346543156,34.34,33.610881388996475
61,71,18,0.0084322270870672,5.073900600871681,34.34,33.610881388996475
61,72,17,0.0084208862259681,3.826553591468489,34.34,33.610881388996475
61,73,16,0.0084094808935819,2.571861983084858,34.34,33.610881388996475
61,74,15,0.0083980116599069,1.3098840311168516,34.34,33.610881388996475
61,75,14,0.0083864790834292,0.04067674557357037,34.34,33.610881388996475
61,76,13,0.008374883711519,-1.2357040659996343,34.34,33.610881388996475
61,77,12,0.0083632260808064,-2.5192037576244175,34.34,33.610881388996475
61,78,11,0.0083515067175415,-3.809768805898166,34.34,33.610881388996475
61,79,10,0.0083397261379362,-5.107346772796113,34.34,33.610881388996475
61,80,9,0.0083278848484922,-6.411886270162711,34.34,33.610881388996475
61,81,8,0.0083159833463125,-7.7233369257950955,34.34,33.610881388996475
61,82,7,0.0083040221194013,-9.041649351028973,34.34,33.610881388996475
61,83,6,0.0082920016469485,-10.366775109741695,34.34,33.610881388996475
61,84,5,0.0082799223996035,-11.69866668869598,34.34,33.610881388996475
61,85,4,0.0082677848397369,-13.037277469149132,34.34,33.610881388996475
61,86,3,0.008255589421691,-14.382561699659604,34.34,33.610881388996475
61,87,2,0.00824333659202,-15.734474470029937,34.34,33.610881388996475
61,88,1,0.0082310267897202,-17.092971686322315,34.34,33.610881388996475
61,89,0,0.008218660446451,-18.458010046890877,34.34,33.610881388996475
62,35,22,0.00862042781662,25.73695678615114,34.42666666666666,33.881881388996476
62,36,21,0.0086047503305562,24.018309606180317,34.34,33.610881388996475
62,37,20,0.0085888793471203,22.277965549380177,34.34,33.610881388996475
62,38,19,0.0085728179828871,20.51624825636366,34.34,33.610881388996475
62,39,18,0.0085565692321727,18.733468096365385,34.34,33.610881388996475
62,40,17,0.0085401359750608,16.929923039930976,34.34,33.610881388996475
62,41,16,0.0085235209847115,15.105899453701063,34.34,33.610881388996475
62,42,15,0.0085067269340351,13.261672825990608,34.34,33.610881388996475
62,43,14,0.0084897564017979,11.397508430698757,34.34,33.610881388996475
62,44,13,0.0084726118782227,9.513661936114445,34.34,33.610881388996475
62,45,12,0.0084552957701345,7.610379964346905,34.34,33.610881388996475
62,46,11,0.0084378104056989,5.687900606397953,34.34,33.610881388996475
62,47,10,0.0084201580387931,3.7464538972887738,34.34,33.610881388996475
62,48,9,0.0084023408530454,1.7862622551246545,34.34,33.610881388996475
62,49,8,0.0083843609655746,-0.1924591124629984,34.34,33.610881388996475
62,50,7,0.008366220430458,-2.189501831458415,34.34,33.610881388996475
62,51,6,0.0083479212419517,-4.204664011478961,34.34,33.610881388996475
62,52,5,0.0083294653374858,-6.2377499202594535,34.34,33.610881388996475
62,53,4,0.0083108546004554,-8.288569680457677,34.34,33.610881388996475
62,54,3,0.0082920908628226,-10.356938986848,34.34,33.610881388996475
62,55,2,0.0082731759075482,-12.442678842187838,34.34,33.610881388996475
62,56,1,0.0082541114708652,-14.545615310197618,34.34,33.610881388996475
62,57,0,0.0082348992444081,-16.665579284261383,34.34,33.610881388996475
63,31,19,0.0086256067084302,26.30458922494093,32.266178425178424,34.16769758530283
63,32,18,0.0086074520494039,24.31451993692066,34.34,33.610881388996475
63,33,17,0.0085890110559849,22.292410187091132,34.34,33.610881388996475
63,34,16,0.0085702883760944,20.23873856265982,34.34,33.610881388996475
63,35,15,0.008551288463798,18.153962523500418,34.34,33.610881388996475
63,36,14,0.0085320155932094,16.038519916586246,34.34,33.610881388996475
63,37,13,0.008512473871035,13.892830342484537,34.34,33.610881388996475
63,38,12,0.0084926672479259,11.717296392007071,34.34,33.610881388996475
63,39,11,0.0084725995287809,9.512304768467246,34.34,33.610881388996475
63,40,10,0.0084522743821195,7.2782273088134275,34.34,33.610881388996475
63,41,9,0.0084316953486329,5.015421915065673,34.34,33.610881388996475
63,42,8,0.0084108658490007,2.7242334059456184,34.34,33.610881388996475
63,43,7,0.0083897891910551,0.40499429728851766,34.34,33.610881388996475
63,44,6,0.0083684685763591,-1.9419744812790825,34.34,33.610881388996475
63,45,5,0.0083469071062601,-4.316362926852143,34.34,33.610881388996475
63,46,4,0.0083251077874706,-6.717871355207436,34.34,33.610881388996475
63,47,3,0.0083030735372238,-9.146209839163063,34.34,33.610881388996475
63,48,2,0.0082808071880433,-11.60109768887456,34.34,33.610881388996475
63,49,1,0.0082583114921645,-14.082262970126806,34.34,33.610881388996475
63,50,0,0.0082355891256392,-16.589442057119015,34.34,33.610881388996475
64,59,39,0.0086204694070328,25.741515509999772,34.42666666666666,33.881881388996476
64,60,38,0.0086113621465813,24.743189106922944,34.34,33.610881388996475
64,61,37,0.0086021925995984,23.737872759336643,34.34,33.610881388996475
64,62,36,0.0085929614066907,22.725633322253113,34.34,33.610881388996475
64,63,35,0.008583669192678,21.706535939460654,34.34,33.610881388996475
64,64,34,0.0085743165672408,20.68064411388566,34.34,33.610881388996475
64,65,33,0.0085649041255314,19.648019774005583,34.34,33.610881388996475
64,66,32,0.0085554324487514,18.608723336587268,34.34,33.610881388996475
64,67,31,0.0085459021046979,17.562813766012503,34.34,33.610881388996475
64,68,30,0.0085363136482802,16.510348630419358,34.34,33.610881388996475
64,69,29,0.0085266676220092,15.451384154878042,34.34,33.610881388996475
64,70,28,0.0085169645564612,14.385975271797001,34.34,33.610881388996475
64,71,27,0.0085072049707187,13.31417566874353,34.34,33.610881388996475
64,72,26,0.0084973893727881,12.236037833842246,34.34,33.610881388996475
64,73,25,0.0084875182599965,11.151613098910659,34.34,33.610881388996475
64,74,24,0.0084775921193698,10.060951680469984,34.34,33.610881388996475
64,75,23,0.0084676114279918,8.964102718767684,34.34,33.610881388996475
64,76,22,0.0084575766533463,7.861114314928294,34.34,33.610881388996475
64,77,21,0.0084474882536432,6.752033566350207,34.34,33.610881388996475
64,78,20,0.0084373466781288,5.636906600450693,34.34,33.610881388996475
64,79,19,0.0084271523673831,4.515778606858419,34.34,33.610881388996475
64,80,18,0.008416905753602,3.388693868140024,34.34,33.610881388996475
64,81,17,0.008406607260868,2.255695789148824,34.34,33.610881388996475
64,82,16,0.0083962573054088,1.1168269250733047,34.34,33.610881388996475
64,83,15,0.0083858562958436,-0.027870991745068352,34.34,33.610881388996475
64,84,14,0.0083754046334202,-1.1783570261527672,34.34,33.610881388996475
64,85,13,0.0083649027122412,-2.3345910156214913,34.34,33.610881388996475
64,86,12,0.0083543509194801,-3.4965335467249687,34.34,33.610881388996475
64,87,11,0.0083437496355897,-4.664145932596199,34.34,33.610881388996475
64,88,10,0.008333099234501,-5.837390191315578,34.34,33.610881388996475
64,89,9,0.0083224000838142,-7.016229025181374,34.34,33.610881388996475
64,90,8,0.008311652544982,-8.200625800815018,34.34,33.610881388996475
64,91,7,0.0083008569734855,-9.39054453006095,34.34,33.610881388996475
64,92,6,0.0082900137190036,-10.585949851640756,34.34,33.610881388996475
64,93,5,0.0082791231255753,-11.786807013521539,34.34,33.610881388996475
64,94,4,0.0082681855317561,-12.993081855965599,34.34,33.610881388996475
64,95,3,0.0082572012707678,-14.20474079522802,34.34,33.610881388996475
64,96,2,0.0082461706706437,-15.42175080786889,34.34,33.610881388996475
64,97,1,0.0082350940543676,-16.644079415654033,34.34,33.610881388996475
64,98,0,0.0082239717400077,-17.87169467101215,34.34,33.610881388996475
65,28,18,0.0086388303095767,27.75372676253419,31.77957301427315,34.1006388590605
65,29,17,0.0086193053190824,25.613918602215822,40.52,36.86288138899647
65,30,16,0.0085994293883925,23.43489224305494,34.34,33.610881388996475
65,31,15,0.0085792085877668,21.217272222310015,34.34,33.610881388996475
65,32,14,0.0085586487129782,18.961653122778017,34.34,33.610881388996475
65,33,13,0.0085377553067494,16.668601909042764,34.34,33.610881388996475
65,34,12,0.0085165336779118,14.338660015619986,34.34,33.610881388996475
65,35,11,0.0084949889185896,11.972345219923973,34.34,33.610881388996475
65,36,10,0.008473125919663,9.570153327801108,34.34,33.610881388996475
65,37,9,0.0084509493847279,7.132559695113372,34.34,33.610881388996475
65,38,8,0.0084284638427326,4.660020605350979,34.34,33.610881388996475
65,39,7,0.0084056736594514,2.1529745203610418,34.34,33.610881388996475
65,40,6,0.0083825830479274,-0.3881567811479485,34.34,33.610881388996475
65,41,5,0.0083591960780021,-2.962967164680194,34.34,33.610881388996475
65,42,4,0.0083355166850306,-5.571065189661439,34.34,33.610881388996475
65,43,3,0.0083115486778719,-8.212073238278073,34.34,33.610881388996475
65,44,2,0.0082872957462283,-10.885626715156256,34.34,33.610881388996475
65,45,1,0.0082627614674014,-13.591373310632406,34.34,33.610881388996475
65,46,0,0.0082379493125233,-16.328972321251555,34.34,33.610881388996475
66,37,24,0.0086459101945832,28.529452684542402,33.86641934911344,32.03596892739318
66,38,23,0.0086310962433988,26.9062130784443,34.42143828983778,34.42528020626559
66,39,22,0.0086160721591873,25.25951478452436,34.34,33.610881388996475
66,40,21,0.0086008406252459,23.58963335515863,34.34,33.610881388996475
66,41,20,0.0085854042325217,21.896834248661587,34.34,33.610881388996475
66,42,19,0.0085697654851939,20.18137343797454,34.34,33.610881388996475
66,43,18,0.0085539268057931,18.443497968928547,34.34,33.610881388996475
66,44,17,0.0085378905399066,16.683446473343643,34.34,33.610881388996475
66,45,16,0.0085216589605108,14.901449641570444,34.34,33.610881388996475
66,46,15,0.0085052342719693,13.097730658510244,34.34,33.610881388996475
66,47,14,0.0084886186137279,11.272505606681165,34.34,33.610881388996475
66,48,13,0.0084718140637367,9.425983839467008,34.34,33.610881388996475
66,49,12,0.0084548226416237,7.558368327338023,34.34,33.610881388996475
66,50,11,0.0084376463116433,5.669855979513841,34.34,33.610881388996475
66,51,10,0.0084202869854199,3.7606379432701615,34.34,33.610881388996475
66,52,9,0.0084027465245038,1.8308998828528544,34.34,33.610881388996475
66,53,8,0.0083850267427571,-0.11917776024335325,34.34,33.610881388996475
66,54,7,0.008367129408582,-2.0894195240539872,34.34,33.610881388996475
66,55,6,0.0083490562470068,-4.079654698572398,34.34,33.610881388996475
66,56,5,0.0083308089416389,-6.089717112545117,34.34,33.610881388996475
66,57,4,0.0083123891364973,-8.119444933490975,34.34,33.610881388996475
66,58,3,0.0082937984377333,-10.168680479902086,34.34,33.610881388996475
66,59,2,0.0082750384152476,-12.23727004468666,34.34,33.610881388996475
66,60,1,0.0082561106042126,-14.325063729003588,34.34,33.610881388996475
66,61,0,0.0082370165065065,-16.431915285708726,34.34,33.610881388996475
67,26,17,0.0086506759775571,29.051573497294463,36.651806936161314,32.43264984781513
67,27,16,0.008629786314668,26.762657145478205,36.756872198072195,34.946234111876166
67,28,15,0.008608469904691,24.42611161903753,34.34,33.610881388996475
67,29,14,0.0085867341966561,22.042700104999795,34.34,33.610881388996475
67,30,13,0.0085645862887509,19.613147395599206,34.34,33.610881388996475
67,31,12,0.0085420329572855,17.138143048202387,34.34,33.610881388996475
67,32,11,0.0085190806824054,14.618344190617087,34.34,33.610881388996475
67,33,10,0.008495735671007,12.054378021530006,34.34,33.610881388996475
67,34,9,0.0084720038772368,9.446844047522703,34.34,33.610881388996475
67,35,8,0.0084478910208936,6.796316091421637,34.34,33.610881388996475
67,36,7,0.0084234026040011,4.103344101276292,34.34,33.610881388996475
67,37,6,0.0083985439257812,1.368455784797412,34.34,33.610881388996475
67,38,5,0.0083733200962188,-1.4078419096105534,34.34,33.610881388996475
67,39,4,0.0083477360483872,-4.225061447125803,34.34,33.610881388996475
67,40,3,0.0083217965496744,-7.082733480559362,34.34,33.610881388996475
67,41,2,0.0082955062120344,-9.98040573076436,34.34,33.610881388996475
67,42,1,0.0082688695013699,-12.917641961790224,34.34,33.610881388996475
67,43,0,0.0082418907461391,-15.89402104068391,34.34,33.610881388996475
68,67,44,0.0086208565809524,25.78395347068228,33.75666666666667,33.881881388996476
68,68,43,0.0086127697982888,24.897504597643113,34.34,33.610881388996475
68,69,42,0.0086046326021286,24.005401806925907,34.34,33.610881388996475
68,70,41,0.0085964454402559,23.107691763564002,34.34,33.610881388996475
68,71,40,0.0085882087507884,22.204420084159338,34.34,33.610881388996475
68,72,39,0.0085799229625271,21.295631374921914,34.34,33.610881388996475
68,73,38,0.0085715884952891,20.381369267814893,34.34,33.610881388996475
68,74,37,0.0085632057602239,19.461676454929357,34.34,33.610881388996475
68,75,36,0.0085547751601143,18.536594721195705,34.34,33.610881388996475
68,76,35,0.0085462970896627,17.606164975536338,34.34,33.610881388996475
68,77,34,0.0085377719357651,16.670427280547514,34.34,33.610881388996475
68,78,33,0.0085292000777706,15.729420880806892,34.34,33.610881388996475
68,79,32,0.0085205818877305,14.783184229877875,34.34,33.610881388996475
68,80,31,0.0085119177306355,13.831755016094228,34.34,33.610881388996475
68,81,30,0.0085032079646423,12.875170187189,34.34,33.610881388996475
68,82,29,0.0084944529412902,11.913465973838143,34.34,33.610881388996475
68,83,28,0.0084856530057085,10.946677912175005,34.34,33.610881388996475
68,84,27,0.0084768084968147,9.9748408653345,34.34,33.610881388996475
68,85,26,0.0084679197475044,8.99798904408103,34.34,33.610881388996475
68,86,25,0.0084589870848331,8.016156026566946,34.34,33.610881388996475
68,87,24,0.0084500108301905,7.029374777270732,34.34,33.610881388996475
68,88,23,0.008440991299468,6.037677665153744,34.34,33.610881388996475
68,89,22,0.0084319288032185,5.041096481082548,34.34,33.610881388996475
68,90,21,0.0084228236468108,4.039662454548051,34.34,33.610881388996475
68,91,20,0.0084136761305774,3.0334062697226045,34.34,33.610881388996475
68,92,19,0.0084044865499562,2.0223580808830803,34.34,33.610881388996475
68,93,18,0.0083952551956271,1.0065475272378919,34.34,33.610881388996475
68,94,17,0.0083859823536436,-0.013996252818941457,34.34,33.610881388996475
68,95,16,0.0083766683055587,-1.0392446079949167,34.34,33.610881388996475
68,96,15,0.0083673133285466,-2.0691693609020874,34.34,33.610881388996475
68,97,14,0.0083579176955194,-3.1037427953523675,34.34,33.610881388996475
68,98,13,0.0083484816752403,-4.142937644121332,34.34,33.610881388996475
68,99,12,0.0083390055324317,-5.186727077157428,34.34,33.610881388996475
68,100,11,0.0083294895278804,-6.235084690218002,34.34,33.610881388996475
68,101,10,0.0083199339185379,-7.287984493911381,34.34,33.610881388996475
68,102,9,0.008310338957618,-8.34540090312786,34.34,33.610881388996475
68,103,8,0.0083007048946912,-9.407308726838174,34.34,33.610881388996475
68,104,7,0.0082910319757747,-10.473683158250637,34.34,33.610881388996475
68,105,6,0.0082813204434203,-11.544499765302142,34.34,33.610881388996475
68,106,5,0.008271570536799,-12.619734481476158,34.34,33.610881388996475
68,107,4,0.0082617824917828,-13.699363596929658,34.34,33.610881388996475
68,108,3,0.0082519565410237,-14.783363749914344,34.34,33.610881388996475
68,109,2,0.0082420929140299,-15.871711918486042,34.34,33.610881388996475
68,110,1,0.0082321918372399,-16.96438541248169,34.34,33.610881388996475
68,111,0,0.008222253534094,-18.061361865760162,34.34,33.610881388996475
69,47,30,0.008609477333122,24.536558187143346,34.34,33.610881388996475
69,48,29,0.008598031582689,23.281620044950163,34.34,33.610881388996475
69,49,28,0.0085864919472304,22.01613128299558,34.34,33.610881388996475
69,50,27,0.0085748596646638,20.740221244253544,34.34,33.610881388996475
69,51,26,0.0085631359345804,19.454015119916235,34.34,33.610881388996475
69,52,25,0.0085513219202002,18.157634161801617,34.34,33.610881388996475
69,53,24,0.0085394187501915,16.851195879999445,34.34,33.610881388996475
69,54,23,0.0085274275203668,15.534814227045622,34.34,33.610881388996475
69,55,22,0.0085153492952647,14.208599769773535,34.34,33.610881388996475
69,56,21,0.008503185109629,12.872659849877856,34.34,33.610881388996475
69,57,20,0.0084909359697913,11.52709873412256,34.34,33.610881388996475
69,58,19,0.0084786028549672,10.172017755027525,34.34,33.610881388996475
69,59,18,0.0084661867184711,8.807515442798888,34.34,33.610881388996475
69,60,17,0.008453688488857,7.433687649180413,34.34,33.610881388996475
69,61,16,0.0084411090709909,6.050627663852239,34.34,33.610881388996475
69,62,15,0.0084284493470594,4.658426323937384,34.34,33.610881388996475
69,63,14,0.0084157101775198,3.257172117134317,34.34,33.610881388996475
69,64,13,0.0084028924019961,1.8469512789351654,34.34,33.610881388996475
69,65,12,0.0083899968401242,0.42784788436227217,34.34,33.610881388996475
69,66,11,0.00837702429235,-1.000056065391206,34.34,33.610881388996475
69,67,10,0.0083639755406846,-2.436680561060591,34.34,33.610881388996475
69,68,9,0.0083508513494183,-3.881947507819362,34.34,33.610881388996475
69,69,8,0.0083376524657968,-5.335780651904045,34.34,33.610881388996475
69,70,7,0.0083243796206624,-6.79810551107601,34.34,33.610881388996475
69,71,6,0.0083110335290618,-8.268849308670589,34.34,33.610881388996475
69,72,5,0.0082976148908234,-9.747940910995403,34.34,33.610881388996475
69,73,4,0.0082841243911055,-11.235310767870843,34.34,33.610881388996475
69,74,3,0.0082705627009173,-12.730890856104843,34.34,33.610881388996475
69,75,2,0.008256930477615,-14.23461462572881,34.34,33.610881388996475
69,76,1,0.0082432283653734,-15.746416948817355,34.34,33.610881388996475
69,77,0,0.0082294569956361,-17.266234070738847,34.34,33.610881388996475
70,46,29,0.008603396688956,23.869894095493102,34.34,33.610881388996475
70,47,28,0.0085915091864892,22.566376194816506,34.34,33.610881388996475
70,48,27,0.0085795223457749,21.251688190016303,34.34,33.610881388996475
70,49,26,0.0085674375075443,19.925970076255123,34.34,33.610881388996475
70,50,25,0.0085552559701679,18.589357260527855,34.34,33.610881388996475
70,51,24,0.0085429789918609,17.24198080118542,34.34,33.610881388996475
70,52,23,0.0085306077927318,15.883967630481834,34.34,33.610881388996475
70,53,22,0.0085181435566892,14.515440761654517,34.34,33.610881388996475
70,54,21,0.0085055874332187,13.136519481883553,34.34,33.610881388996475
70,55,20,0.008492940539041,11.747319532339638,34.34,33.610881388996475
70,56,19,0.008480203959661,10.347953276401974,34.34,33.610881388996475
70,57,18,0.0084673787508174,8.938529857024449,34.34,33.610881388996475
70,58,17,0.0084544659398399,7.519155344126183,34.34,33.610881388996475
70,59,16,0.0084414665269229,6.089932872804532,34.34,33.610881388996475
70,60,15,0.0084283814863205,4.65096277308205,34.34,33.610881388996475
70,61,14,0.0084152117674699,3.2023426918471714,34.34,33.610881388996475
70,62,13,0.0084019582960487,1.74416770757081,34.34,33.610881388996475
70,63,12,0.00838862197497,0.2765304383436771,34.34,33.610881388996475
70,64,11,0.0083752036853214,-1.2004788562816202,34.34,33.610881388996475
70,65,10,0.0083617042872502,-2.6867721791933974,34.34,33.610881388996475
70,66,9,0.0083481246208001,-4.182263704962267,34.34,33.610881388996475
70,67,8,0.0083344655067021,-5.686869694049385,34.34,33.610881388996475
70,68,7,0.0083207277471226,-7.20050841163588,34.34,33.610881388996475
70,69,6,0.008306912126372,-8.723100050762596,34.34,33.610881388996475
70,70,5,0.0082930194115764,-10.254566659491978,34.34,33.610881388996475
70,71,4,0.0082790503533144,-11.794832071825525,34.34,33.610881388996475
70,72,3,0.0082650056862217,-13.343821842134531,34.34,33.610881388996475
70,73,2,0.0082508861295659,-14.901463182876427,34.34,33.610881388996475
70,74,1,0.008236692387792,-16.46768490539283,34.34,33.610881388996475
70,75,0,0.0082224251510421,-18.042417363593472,34.34,33.610881388996475
71,33,21,0.0086402999150824,27.914755858426716,31.960623922515225,32.707031459300744
71,34,20,0.0086235791710467,26.082367168359923,33.565559377559374,34.16769758530283
71,35,19,0.00860659657459,24.22072914612769,34.34,33.610881388996475
71,36,18,0.0085893559114368,22.330230656570624,34.34,33.610881388996475
71,37,17,0.0085718608216352,20.411244650815078,34.34,33.610881388996475
71,38,16,0.0085541148093453,18.46412923337499,34.34,33.610881388996475
71,39,15,0.0085361212517274,16.48922863128675,34.34,33.610881388996475
71,40,14,0.0085178834070358,14.486874076567453,34.34,33.610881388996475
71,41,13,0.0084994044220061,12.457384611738867,34.34,33.610881388996475
71,42,12,0.0084806873386139,10.401067826853449,34.34,33.610881388996475
71,43,11,0.0084617351002722,8.318220535344459,34.34,33.610881388996475
71,44,10,0.0084425505575262,6.2091293950997795,34.34,33.610881388996475
71,45,9,0.0084231364732971,4.074071480345523,34.34,33.610881388996475
71,46,8,0.0084034955277188,1.913314809251844,34.34,33.610881388996475
71,47,7,0.008383630322609,-0.2728811684170722,34.34,33.610881388996475
71,48,6,0.0083635433856077,-2.4842651197931147,34.34,33.610881388996475
71,49,5,0.0083432371740162,-4.720593410154045,34.34,33.610881388996475
71,50,4,0.0083227140783625,-6.981629713929699,34.34,33.610881388996475
71,51,3,0.0083019764257179,-9.267144652798137,34.34,33.610881388996475
71,52,2,0.0082810264827878,-11.576915458483676,34.34,33.610881388996475
71,53,1,0.0082598664587951,-13.910725658129337,34.34,33.610881388996475
71,54,0,0.0082384985081734,-16.26836478032841,34.34,33.610881388996475
72,41,27,0.0086445132009139,28.376395127521427,38.53564403667093,34.44655931279674
72,42,26,0.0086313210231171,26.93084649901491,34.83893828983778,34.42528020626559
72,43,25,0.0086179604792497,25.46650602633434,39.38,36.320881388996476
72,44,24,0.0086044335262776,23.983574977494456,34.34,33.610881388996475
72,45,23,0.0085907420597572,22.48224791000289,34.34,33.610881388996475
72,46,22,0.0085768879172185,20.96271303969686,34.34,33.610881388996475
72,47,21,0.0085628728812913,19.425152581684138,34.34,33.610881388996475
72,48,20,0.0085486986826009,17.869743066040016,34.34,33.610881388996475
72,49,19,0.0085343670024524,16.29665563062936,34.34,33.610881388996475
72,50,18,0.0085198794753257,14.706056293139646,34.34,33.610881388996475
72,51,17,0.0085052376911958,13.098106204194899,34.34,33.610881388996475
72,52,16,0.0084904431976956,11.472961883208896,34.34,33.610881388996475
72,53,15,0.0084754975021334,9.830775438470987,34.34,33.610881388996475
72,54,14,0.0084604020733782,8.171694772792215,34.34,33.610881388996475
72,55,13,0.0084451583436233,6.495863775915723,34.34,33.610881388996475
72,56,12,0.0084297677100392,4.803422504765365,34.34,33.610881388996475
72,57,11,0.0084142315363223,3.094507352509801,34.34,33.610881388996475
72,58,10,0.008398551154151,1.369251207317319,34.34,33.610881388996475
72,59,9,0.0083827278645526,-0.37221639839940224,34.34,33.610881388996475
72,60,8,0.0083667629391913,-2.1297691475288048,34.34,33.610881388996475
72,61,7,0.0083506576215802,-3.9032838059361623,34.34,33.610881388996475
72,62,6,0.0083344131282251,-5.692640097677938,34.34,33.610881388996475
72,63,5,0.0083180306497038,-7.497720587206622,34.34,33.610881388996475
72,64,4,0.0083015113516859,-9.318410568068899,34.34,33.610881388996475
72,65,3,0.0082848563758973,-11.154597957644285,34.34,33.610881388996475
72,66,2,0.0082680668410328,-13.006173197509042,34.34,33.610881388996475
72,67,1,0.0082511438436209,-14.873029159041266,34.34,33.610881388996475
72,68,0,0.0082340884588438,-16.75506105391787,34.34,33.610881388996475
73,38,24,0.0086340792792342,27.233113517349516,33.59819470009418,33.794269739871076
73,39,23,0.0086192156295625,25.60408753059376,40.52,36.86288138899647
73,40,22,0.0086041451151262,23.951953220897728,34.34,33.610881388996475
73,41,21,0.0085888702951873,22.27697281394859,34.34,33.610881388996475
73,42,20,0.0085733936435687,20.57939919155048,34.34,33.610881388996475
73,43,19,0.0085577175536889,18.859476440666555,34.34,33.610881388996475
73,44,18,0.0085418443431885,17.117440358095983,34.34,33.610881388996475
73,45,17,0.0085257762581916,15.353518915299645,34.34,33.610881388996475
73,46,16,0.0085095154772382,13.567932687349447,34.34,33.610881388996475
73,47,15,0.008493064114919,11.760895249487014,34.34,33.610881388996475
73,48,14,0.0084764242252417,9.932613544385823,34.34,33.610881388996475
73,49,13,0.0084595978047537,8.08328822284762,34.34,33.610881388996475
73,50,12,0.008442586795443,6.213113960359308,34.34,33.610881388996475
73,51,11,0.0084253930874378,4.322279751674422,34.34,33.610881388996475
73,52,10,0.0084080185215222,2.410969185347952,34.34,33.610881388996475
73,53,9,0.0083904648914838,0.479360699949126,34.34,33.610881388996475
73,54,8,0.0083727339463074,-1.4723721764995972,34.34,33.610881388996475
73,55,7,0.0083548273922277,-3.4440606024692,34.34,33.610881388996475
73,56,6,0.0083367468946521,-5.435540212999264,34.34,33.610881388996475
73,57,5,0.0083184940799647,-7.446650922782247,34.34,33.610881388996475
73,58,4,0.0083000705372204,-9.477236741223429,34.34,33.610881388996475
73,59,3,0.0082814778197369,-11.527145598564942,34.34,33.610881388996475
73,60,2,0.0082627174465938,-13.596229182226708,34.34,33.610881388996475
73,61,1,0.0082437909040446,-15.684342782607018,34.34,33.610881388996475
73,62,0,0.0082246996468484,-17.791345147646055,34.34,33.610881388996475
74,29,18,0.0086287796216526,26.6523307552432,39.61522604422604,36.843234111876164
74,30,17,0.008609244080529,24.510986373262057,34.34,33.610881388996475
74,31,16,0.0085893662050376,22.331359557369765,34.34,33.610881388996475
74,32,15,0.0085691516835512,20.114034034011272,34.34,33.610881388996475
74,33,14,0.0085486059569152,17.85956650382078,34.34,33.610881388996475
74,34,13,0.0085277342371571,15.568488681078918,34.34,33.610881388996475
74,35,12,0.008506541524271,13.241309123291728,34.34,33.610881388996475
74,36,11,0.0084850326213225,10.878514877923735,34.34,33.610881388996475
74,37,10,0.0084632121480866,8.480572969169216,34.34,33.610881388996475
74,38,9,0.008441084553396,6.047931744236038,34.34,33.610881388996475
74,39,8,0.0084186541263527,3.5810220957981542,34.34,33.610881388996475
74,40,7,0.0083959250065348,1.0802585749084912,34.34,33.610881388996475
74,41,6,0.0083729011933108,-1.4539595932965454,34.34,33.610881388996475
74,42,5,0.0083495865543607,-4.021247580430554,34.34,33.610881388996475
74,43,4,0.0083259848334869,-6.621234102954176,34.34,33.610881388996475
74,44,3,0.0083020996577911,-9.25356063945685,34.34,33.610881388996475
74,45,2,0.0082779345442814,-11.917880710042603,34.34,33.610881388996475
74,46,1,0.0082534929059663,-14.613859211618035,34.34,33.610881388996475
74,47,0,0.0082287780574854,-17.341171803616277,34.34,33.610881388996475
75,58,38,0.0086244984488283,26.183122793560813,33.863059377559374,34.16769758530283
75,59,37,0.0086150986078495,25.152794692853124,34.34,33.610881388996475
75,60,36,0.0086056245942165,24.114163438777688,34.34,33.610881388996475
75,61,35,0.0085960771130061,23.067302180641356,34.34,33.610881388996475
75,62,34,0.0085864568523879,22.012282229876224,34.34,33.610881388996475
75,63,33,0.0085767644843158,20.949173135233902,34.34,33.610881388996475
75,64,32,0.0085670006651795,19.878042753752094,34.34,33.610881388996475
75,65,31,0.0085571660364214,18.79895731779785,34.34,33.610881388996475
75,66,30,0.0085472612251186,17.71198149845779,34.34,33.610881388996475
75,67,29,0.0085372868445347,16.617178465528795,34.34,33.610881388996475
75,68,28,0.0085272434946417,15.514609944339533,34.34,33.610881388996475
75,69,27,0.0085171317626152,14.404336269613957,34.34,33.610881388996475
75,70,26,0.0085069522233039,13.286416436572082,34.34,33.610881388996475
75,71,25,0.0084967054396761,12.160908149447188,34.34,33.610881388996475
75,72,24,0.0084863919632426,11.027867867584796,34.34,33.610881388996475
75,73,23,0.0084760123344602,9.887350849275919,34.34,33.610881388996475
75,74,22,0.0084655670831149,8.73941119346427,34.34,33.610881388996475
75,75,21,0.0084550567286869,7.584101879462523,34.34,33.610881388996475
75,76,20,0.0084444817806986,6.4214748047910035,34.34,33.610881388996475
75,77,19,0.008433842739046,5.251580821256454,34.34,33.610881388996475
75,78,18,0.0084231400943153,4.074469769375085,34.34,33.610881388996475
75,79,17,0.0084123743280849,2.8901905112303012,34.34,33.610881388996475
75,80,16,0.0084015459132141,1.6987909618629757,34.34,33.610881388996475
75,81,15,0.0083906553141186,0.5003181192708155,34.34,33.610881388996475
75,82,14,0.0083797029870347,-0.7051819069007266,34.34,33.610881388996475
75,83,13,0.0083686893802711,-1.917663867905361,34.34,33.610881388996475
75,84,12,0.0083576149344512,-3.1370833496138673,34.34,33.610881388996475
75,85,11,0.0083464800827441,-4.363396747336743,34.34,33.610881388996475
75,86,10,0.0083352852510864,-5.5965612416963,34.34,33.610881388996475
75,87,9,0.0083240308583954,-6.836534775490179,34.34,33.610881388996475
75,88,8,0.0083127173167728,-8.083276031494975,34.34,33.610881388996475
75,89,7,0.0083013450317005,-9.336744411162698,34.34,33.610881388996475
75,90,6,0.008289914402229,-10.596900014163147,34.34,33.610881388996475
75,91,5,0.008278425821158,-11.863703618730021,34.34,33.610881388996475
75,92,4,0.0082668796752101,-13.137116662771277,34.34,33.610881388996475
75,93,3,0.0082552763451977,-14.417101225704926,34.34,33.610881388996475
75,94,2,0.0082436162061838,-15.703620010985901,34.34,33.610881388996475
75,95,1,0.0082318996276367,-16.99663632928973,34.34,33.610881388996475
75,96,0,0.0082201269735788,-18.296114082322006,34.34,33.610881388996475
76,36,23,0.0086411020703116,28.002648659073248,35.96878554451896,33.42199113367423
76,37,22,0.0086253387670008,26.27522277694734,32.31617842517842,34.16769758530283
76,38,21,0.008609324564189,24.519809923401084,34.34,33.610881388996475
76,39,20,0.008593062423098,22.73671109277329,34.34,33.610881388996475
76,40,19,0.008576555205524,20.926216345630635,34.34,33.610881388996475
76,41,18,0.0085598056799038,19.088605471509783,34.34,33.610881388996475
76,42,17,0.0085428165268714,17.224148596182566,34.34,33.610881388996475
76,43,16,0.0085255903443609,15.333106739300923,34.34,33.610881388996475
76,44,15,0.008508129652301,13.4157323275493,34.34,33.610881388996475
76,45,14,0.0084904368969425,11.472269667788026,34.34,33.610881388996475
76,46,13,0.0084725144548563,9.50295538413846,34.34,33.610881388996475
76,47,12,0.0084543646366321,7.508018822482441,34.34,33.610881388996475
76,48,11,0.0084359896903068,5.48768242545335,34.34,33.610881388996475
76,49,10,0.008417391804548,3.442162080647833,34.34,33.610881388996475
76,50,9,0.0083985731116135,1.3716674444776942,34.34,33.610881388996475
76,51,8,0.0083795356901089,-0.7235977561753089,34.34,33.610881388996475
76,52,7,0.0083602815675578,-2.843435442572499,34.34,33.610881388996475
76,53,6,0.0083408127228036,-4.9876529212719305,34.34,33.610881388996475
76,54,5,0.008321131088255,-7.156062638271706,34.34,33.610881388996475
76,55,4,0.0083012385519887,-9.348481948750141,34.34,33.610881388996475
76,56,3,0.0082811369597217,-11.564732901142136,34.34,33.610881388996475
76,57,2,0.0082608281166611,-13.80464203442449,34.34,33.610881388996475
76,58,1,0.0082403137892438,-16.06804018757481,34.34,33.610881388996475
76,59,0,0.0082195957067729,-18.354762320281722,34.34,33.610881388996475
77,29,18,0.0086255997476678,26.30382632539088,32.266178425178424,34.16769758530283
77,30,17,0.0086058717203294,24.141257954540055,34.34,33.610881388996475
77,31,16,0.0085858015974747,21.940416218449464,34.34,33.610881388996475
77,32,15,0.0085653951290106,19.701891250594528,34.34,33.610881388996475
77,33,14,0.0085446578135925,17.426245765774382,34.34,33.610881388996475
77,34,13,0.0085235949176497,15.114017133484737,34.34,33.610881388996475
77,35,12,0.008502211492449,12.765719237616551,34.34,33.610881388996475
77,36,11,0.00848051238945,10.381844150024499,34.34,33.610881388996475
77,37,10,0.0084585022741659,7.962863641294838,34.34,33.610881388996475
77,38,9,0.008436185638712,5.509230548549944,34.34,33.610881388996475
77,39,8,0.0084135668131981,3.0213800172573357,34.34,33.610881388996475
77,40,7,0.0083906499760981,0.4997306316039314,34.34,33.610881388996475
77,41,6,0.0083674391637115,-2.0553145540072464,34.34,33.610881388996475
77,42,5,0.008343938278818,-4.6433670714723405,34.34,33.610881388996475
77,43,4,0.0083201510986102,-7.2640521740737825,34.34,33.610881388996475
77,44,3,0.008296081281982,-9.917008041905277,34.34,33.610881388996475
77,45,2,0.0082717323762357,-12.601885050439563,34.34,33.610881388996475
77,46,1,0.0082471078232696,-15.318345095919554,34.34,33.610881388996475
77,47,0,0.0082222109652939,-18.066060972009552,34.34,33.610881388996475
78,37,23,0.0086215538782041,25.860383180109604,37.79666666666667,35.507881388996466
78,38,22,0.0086061642526955,24.173330587218278,34.34,33.610881388996475
78,39,21,0.0085905687299033,22.46323923275426,34.34,33.610881388996475
78,40,20,0.0085747701110798,20.73039736379266,34.34,33.610881388996475
78,41,19,0.0085587710986793,18.975082455988087,34.34,33.610881388996475
78,42,18,0.0085425743023904,17.197561870757568,34.34,33.610881388996475
78,43,17,0.0085261822446644,15.39809345756678,34.34,33.610881388996475
78,44,16,0.0085095973657924,13.576926107089854,34.34,33.610881388996475
78,45,15,0.008492822028578,11.734300260281515,34.34,33.610881388996475
78,46,14,0.0084758585226457,9.870448377780427,34.34,33.610881388996475
78,47,13,0.0084587090684204,7.985595373537592,34.34,33.610881388996475
78,48,12,0.0084413758208109,6.079959016103693,34.34,33.610881388996475
78,49,11,0.0084238608726235,4.153750300614874,34.34,33.610881388996475
78,50,10,0.0084061662577321,2.2071737941737837,34.34,33.610881388996475
78,51,9,0.0083882939540256,0.24042795702506936,34.34,33.610881388996475
78,52,8,0.0083702458861528,-1.7462945583309022,34.34,33.610881388996475
78,53,7,0.0083520239280826,-3.752806628179542,34.34,33.610881388996475
78,54,6,0.0083336299054948,-5.77892639706603,34.34,33.610881388996475
78,55,5,0.0083150655980155,-7.82447703417165,34.34,33.610881388996475
78,56,4,0.0082963327413107,-9.889286505199138,34.34,33.610881388996475
78,57,3,0.0082774330290483,-11.973187358525905,34.34,33.610881388996475
78,58,2,0.0082583681147403,-14.076016524490925,34.34,33.610881388996475
78,59,1,0.0082391396134726,-16.197615126800784,34.34,33.610881388996475
78,60,0,0.0082197491035335,-18.33782830512297,34.34,33.610881388996475
79,43,27,0.0086305318366293,26.844359783962442,36.30080229184884,35.337280206265596
79,44,26,0.0086174255697109,25.40787175693747,37.34,36.320881388996476
79,45,25,0.0086041591856282,23.953495931934583,34.34,33.610881388996475
79,46,24,0.0085907344603982,22.481414507396014,34.34,33.610881388996475
79,47,23,0.0085771531169708,20.99180388093701,34.34,33.610881388996475
79,48,22,0.0085634168280253,19.48483495428342,34.34,33.610881388996475
79,49,21,0.008549527218564,17.960673416115903,34.34,33.610881388996475
79,50,20,0.0085354858683215,16.419480004853618,34.34,33.610881388996475
79,51,19,0.0085212943140068,14.861410753166254,34.34,33.610881388996475
79,52,18,0.0085069540513921,13.286617215826297,34.34,33.610881388996475
79,53,17,0.0084924665372621,11.695246682332488,34.34,33.610881388996475
79,54,16,0.0084778331912354,10.087442375597952,34.34,33.610881388996475
79,55,15,0.0084630553974687,8.463343637850414,34.34,33.610881388996475
79,56,14,0.0084481345062532,6.8230861047944344,34.34,33.610881388996475
79,57,13,0.0084330718355118,5.16680186897014,34.34,33.610881388996475
79,58,12,0.0084178686722051,3.494619633157285,34.34,33.610881388996475
79,59,11,0.0084025262736534,1.806664854594814,34.34,33.610881388996475
79,60,10,0.00838704586878,0.10305988071203842,34.34,33.610881388996475
79,61,9,0.0083714286592837,-1.6160759229946393,34.34,33.610881388996475
79,62,8,0.0083556758207435,-3.3506260523642837,34.34,33.610881388996475
79,63,7,0.0083397885036617,-5.100476750726202,34.34,33.610881388996475
79,64,6,0.0083237678344496,-6.865516901326295,34.34,33.610881388996475
79,65,5,0.0083076149163596,-8.645637925590563,34.34,33.610881388996475
79,66,4,0.0082913308303674,-10.440733686819051,34.34,33.610881388996475
79,67,3,0.0082749166360078,-12.25070039894419,34.34,33.610881388996475
79,68,2,0.0082583733721675,-14.075436540016767,34.34,33.610881388996475
79,69,1,0.0082417020578363,-15.914842770103732,34.34,33.610881388996475
79,70,0,0.0082249036928224,-17.768821853318826,34.34,33.610881388996475
80,53,35,0.0086370274785676,27.556179445184238,42.90540736510749,34.1006388590605
80,54,34,0.0086267244102268,26.42708812517258,30.650726044226047,32.77423411187617
80,55,33,0.0086163217919077,25.286879072543343,34.34,33.610881388996475
80,56,32,0.0086058205519709,24.135647946431867,34.34,33.610881388996475
80,57,31,0.0085952215956428,22.973487881019786,34.34,33.610881388996475
80,58,30,0.008584525806025,21.8004895955251,34.34,33.610881388996475
80,59,29,0.0085737340450423,20.616741497578644,34.34,33.610881388996475
80,60,28,0.0085628471543356,19.422329780490045,34.34,33.610881388996475
80,61,27,0.0085518659561021,18.217338514860273,34.34,33.610881388996475
80,62,26,0.0085407912538876,17.00184973495783,34.34,33.610881388996475
80,63,25,0.0085296238333348,15.775943520236531,34.34,33.610881388996475
80,64,24,0.0085183644628892,14.539698072343356,34.34,33.610881388996475
80,65,23,0.0085070138944675,13.293189787929748,34.34,33.610881388996475
80,66,22,0.0084955728640893,12.036493327560365,34.34,33.610881388996475
80,67,21,0.0084840420924761,10.769681680981797,34.34,33.610881388996475
80,68,20,0.0084724222856187,9.492826228993735,34.34,33.610881388996475
80,69,19,0.0084607141353159,8.20599680215301,34.34,33.610881388996475
80,70,18,0.0084489183196851,6.909261736509293,34.34,33.610881388996475
80,71,17,0.0084370355036488,5.602687926567604,34.34,33.610881388996475
80,72,16,0.0084250663393962,4.286340875651881,34.34,33.610881388996475
80,73,15,0.0084130114668226,2.960284743830101,34.34,33.610881388996475
80,74,14,0.0084008715139482,1.6245823935532329,34.34,33.610881388996475
80,75,13,0.0083886470973168,0.2792954331437585,34.34,33.610881388996475
80,76,12,0.0083763388223762,-1.0755157417329642,34.34,33.610881388996475
80,77,11,0.0083639472838411,-2.4397919085020163,34.34,33.610881388996475
80,78,10,0.0083514730660392,-3.8134749798989276,34.34,33.610881388996475
80,79,9,0.0083389167432427,-5.196507967878347,34.34,33.610881388996475
80,80,8,0.0083262788799842,-6.588834949114634,34.34,33.610881388996475
80,81,7,0.0083135600313595,-7.990401032002723,34.34,33.610881388996475
80,82,6,0.008300760743317,-9.401152325079146,34.34,33.610881388996475
80,83,5,0.0082878815529352,-10.821035906783173,34.34,33.610881388996475
80,84,4,0.0082749229886881,-12.249999796488837,34.34,33.610881388996475
80,85,3,0.0082618855706998,-13.687992926735518,34.34,33.610881388996475
80,86,2,0.0082487698109886,-15.134965116596476,34.34,33.610881388996475
80,87,1,0.0082355762137016,-16.5908670461274,34.34,33.610881388996475
80,88,0,0.0082223052753392,-18.05565023183628,34.34,33.610881388996475
81,24,15,0.0086444766430008,28.37238971524382,37.335644036670935,34.44655931279674
81,25,14,0.0086207471407817,25.77195781176889,34.306666666666665,33.881881388996476
81,26,13,0.0085964603827834,23.10933030757934,34.34,33.610881388996475
81,27,12,0.0085716261285574,20.38549780937001,34.34,33.610881388996475
81,28,11,0.0085462536618399,17.60139860982717,34.34,33.610881388996475
81,29,10,0.0085203518322332,14.757923241470152,34.34,33.610881388996475
81,30,9,0.0084939290919233,11.855918488971447,34.34,33.610881388996475
81,31,8,0.0084669935281712,8.896190940451802,34.34,33.610881388996475
81,32,7,0.0084395528921869,5.879510144041362,34.34,33.610881388996475
81,33,6,0.0084116146248896,2.8066114246752605,34.34,33.610881388996475
81,34,5,0.0083831858799752,-0.3218015930205027,34.34,33.610881388996475
81,35,4,0.0083542735446431,-3.50505471725495,34.34,33.610881388996475
81,36,3,0.0083248842582817,-6.742501144532689,34.34,33.610881388996475
81,37,2,0.0082950244293633,-10.0335196104865,34.34,33.610881388996475
81,38,1,0.0082647002507661,-13.3775127125936,34.34,33.610881388996475
81,39,0,0.0082339177137051,-16.773905384656643,34.34,33.610881388996475
82,56,36,0.0086119376237655,24.806276940313687,34.34,33.610881388996475
82,57,35,0.0086022278998172,23.74174326123857,34.34,33.610881388996475
82,58,34,0.008592450947068,22.669654444627554,34.34,33.610881388996475
82,59,33,0.0085826075126475,21.590088523037828,34.34,33.610881388996475
82,60,32,0.0085726983241172,20.50312140941586,34.34,33.610881388996475
82,61,31,0.0085627240903175,19.408826989164126,34.34,33.610881388996475
82,62,30,0.0085526855021659,18.307277206763743,34.34,33.610881388996475
82,63,29,0.0085425832334075,17.198542147351418,34.34,33.610881388996475
82,64,28,0.0085324179413237,16.082690113622576,34.34,33.610881388996475
82,65,27,0.0085221902674,14.95978769839973,34.34,33.610881388996475
82,66,26,0.0085119008379576,13.829899853169827,34.34,33.610881388996475
82,67,25,0.0085015502647496,12.693089952874715,34.34,33.610881388996475
82,68,24,0.008491139145526,11.549419857213138,34.34,33.610881388996475
82,69,23,0.0084806680645682,10.398949968687518,34.34,33.610881388996475
82,70,22,0.0084701375931956,9.241739287618579,34.34,33.610881388996475
82,71,21,0.0084595482902466,8.077845464320703,34.34,33.610881388996475
82,72,20,0.0084489007025347,6.907324848628875,34.34,33.610881388996475
82,73,19,0.0084381953652817,5.730232536942317,34.34,33.610881388996475
82,74,18,0.0084274328025302,4.546622416945304,34.34,33.610881388996475
82,75,17,0.008416613527535,3.356547210144498,34.34,33.610881388996475
82,76,16,0.0084057380431368,2.160058512364458,34.34,33.610881388996475
82,77,15,0.0083948068421171,0.9572068323179721,34.34,33.610881388996475
82,78,14,0.0083838204075376,-0.25195837162841883,34.34,33.610881388996475
82,79,13,0.0083727792130628,-1.4673886563901561,34.34,33.610881388996475
82,80,12,0.0083616837232691,-2.689036560700437,34.34,33.610881388996475
82,81,11,0.0083505343939385,-3.9168555731552743,34.34,33.610881388996475
82,82,10,0.0083393316723411,-5.150800101680396,34.34,33.610881388996475
82,83,9,0.0083280759975033,-6.390825444341374,34.34,33.610881388996475
82,84,8,0.0083167678004655,-7.636887761423466,34.34,33.610881388996475
82,85,7,0.0083054075045289,-8.888944048706833,34.34,33.610881388996475
82,86,6,0.0082939955254908,-10.146952111878413,34.34,33.610881388996475
82,87,5,0.0082825322718713,-11.410870542015857,34.34,33.610881388996475
82,88,4,0.0082710181451294,-12.680658692086553,34.34,33.610881388996475
82,89,3,0.0082594535398715,-13.956276654410189,34.34,33.610881388996475
82,90,2,0.0082478388440502,-15.237685239035144,34.34,33.610881388996475
82,91,1,0.0082361744391564,-16.524845952980044,34.34,33.610881388996475
82,92,0,0.0082244607004026,-17.817720980297622,34.34,33.610881388996475
83,31,20,0.0086531134669871,29.318598488065874,37.06270670664698,32.43264984781513
83,32,19,0.0086351866927192,27.354466700377564,33.13113842303792,33.794269739871076
83,33,18,0.0086169302150312,25.353572811595058,37.34,36.320881388996476
83,34,17,0.0085983485282482,23.31637409274404,34.34,33.610881388996475
83,35,16,0.0085794459530063,21.243308720887438,34.34,33.610881388996475
83,36,15,0.0085602266483809,19.134797104129976,34.34,33.610881388996475
83,37,14,0.0085406946228564,16.99124308009361,34.34,33.610881388996475
83,38,13,0.0085208537442739,14.813035003072898,34.34,33.610881388996475
83,39,12,0.0085007077488793,12.600546732893307,34.34,33.610881388996475
83,40,11,0.0084802602495718,10.354138536669993,34.34,33.610881388996475
83,41,10,0.0084595147434443,8.074157913145882,34.34,33.610881388996475
83,42,9,0.0084384746186896,5.7609403479928005,34.34,33.610881388996475
83,43,8,0.0084171431609425,3.414810007381888,34.34,33.610881388996475
83,44,7,0.0083955235591134,1.0360803761897586,34.34,33.610881388996475
83,45,6,0.0083736189107669,-1.3749451535663582,34.34,33.610881388996475
83,46,5,0.008351432227089,-3.817972739157682,34.34,33.610881388996475
83,47,4,0.0083289664374827,-6.292717584112971,34.34,33.610881388996475
83,48,3,0.0083062243938281,-8.79890347189206,34.34,33.610881388996475
83,49,2,0.008283208874437,-11.336262332878903,34.34,33.610881388996475
83,50,1,0.00825992258773,-13.904533841674194,34.34,33.610881388996475
83,51,0,0.0082363681756609,-16.50346504200057,34.34,33.610881388996475
84,35,22,0.0086152085889251,25.164850841789402,34.34,33.610881388996475
84,36,21,0.0085993233625232,23.423266426514935,34.34,33.610881388996475
84,37,20,0.0085832388732968,21.659337820251707,34.34,33.610881388996475
84,38,19,0.00856695829266,19.873393914325778,34.34,33.610881388996475
84,39,18,0.0085504846684099,18.065750175668867,34.34,33.610881388996475
84,40,17,0.0085338209328205,16.236709527122507,34.34,33.610881388996475
84,41,16,0.0085169699100154,14.386563149315883,34.34,33.610881388996475
84,42,15,0.008499934322701,12.515591212851788,34.34,33.610881388996475
84,43,14,0.0084827167983272,10.624063548390573,34.34,33.610881388996475
84,44,13,0.0084653198747402,8.712240261223208,34.34,33.610881388996475
84,45,12,0.0084477460053759,6.780372296101717,34.34,33.610881388996475
84,46,11,0.0084299975640441,4.828701957370221,34.34,33.610881388996475
84,47,10,0.0084120768493419,2.8574633888399035,34.34,33.610881388996475
84,48,9,0.0083939860887328,0.8668830173115865,34.34,33.610881388996475
84,49,8,0.0083757274423245,-1.1428200367891463,34.34,33.610881388996475
84,50,7,0.0083573030063711,-3.1714335786067807,34.34,33.610881388996475
84,51,6,0.0083387148165273,-5.218751985153972,34.34,33.610881388996475
84,52,5,0.0083199648508753,-7.284575876288237,34.34,33.610881388996475
84,53,4,0.0083010550327444,-9.368711808203777,34.34,33.610881388996475
84,54,3,0.0082819872333422,-11.47097198749546,34.34,33.610881388996475
84,55,2,0.0082627632742119,-13.591174004063177,34.34,33.610881388996475
84,56,1,0.0082433849295311,-15.729140581285932,34.34,33.610881388996475
84,57,0,0.0082238539282649,-17.8846993420688,34.34,33.610881388996475
85,34,22,0.0086239144430118,26.119114179108024,32.78555937755937,34.16769758530283
85,35,21,0.0086079552296097,24.369685913276353,34.34,33.610881388996475
85,36,20,0.0085917878819958,22.596939539020052,34.34,33.610881388996475
85,37,19,0.0085754157721872,20.80122497423955,34.34,33.610881388996475
85,38,18,0.0085588421375346,18.98287750735878,34.34,33.610881388996475
85,39,17,0.0085420700897585,17.14221878039774,34.34,33.610881388996475
85,40,16,0.0085251026231625,15.279557682305274,34.34,33.610881388996475
85,41,15,0.0085079426221143,13.395191162796372,34.34,33.610881388996475
85,42,14,0.0084905928678795,11.489404975551544,34.34,33.610881388996475
85,43,13,0.008473056044875,9.56247435845114,34.34,33.610881388996475
85,44,12,0.0084553347464066,7.614664657528323,34.34,33.610881388996475
85,45,11,0.0084374314799421,5.646231900482661,34.34,33.610881388996475
85,46,10,0.0084193486719681,3.6574233248605736,34.34,33.610881388996475
85,47,9,0.008401088672472,1.6484778654069743,34.34,33.610881388996475
85,48,8,0.0083826537590843,-0.3803733954543489,34.34,33.610881388996475
85,49,7,0.0083640461409149,-2.428906810507435,34.34,33.610881388996475
85,50,6,0.0083452679621111,-4.49690578088952,34.34,33.610881388996475
85,51,5,0.0083263213051624,-6.58416039674016,34.34,33.610881388996475
85,52,4,0.008307208193976,-8.690467102891184,34.34,33.610881388996475
85,53,3,0.0082879305967413,-10.815628387403805,34.34,33.610881388996475
85,54,2,0.008268490428603,-12.959452490988213,34.34,33.610881388996475
85,55,1,0.0082488895541589,-15.121753135542136,34.34,33.610881388996475
85,56,0,0.008229129789795,-17.30234927022532,34.34,33.610881388996475
86,29,19,0.0086499913051644,28.97656612759156,34.87279106314545,32.43264984781513
86,30,18,0.0086308356443816,26.877654128719712,29.95080229184884,31.727280206265593
86,31,17,0.0086113079442559,24.7372470359357,34.34,33.610881388996475
86,32,16,0.0085914136841446,22.55590282653751,34.34,33.610881388996475
86,33,15,0.0085711581169586,20.334154602364958,34.34,33.610881388996475
86,34,14,0.0085505462859752,18.07251242618929,34.34,33.610881388996475
86,35,13,0.008529583039945,15.771464972004573,34.34,33.610881388996475
86,36,12,0.0085082730467102,13.431481012907533,34.34,33.610881388996475
86,37,11,0.0084866208055178,11.053010766655078,34.34,33.610881388996475
86,38,10,0.0084646306581854,8.63648711602508,34.34,33.610881388996475
86,39,9,0.0084423067992541,6.182326718649065,34.34,33.610881388996475
86,40,8,0.0084196532852438,3.6909310189211055,34.34,33.610881388996475
86,41,7,0.0083966740431114,1.1626871728802328,34.34,33.610881388996475
86,42,6,0.0083733728779976,-1.4020311044940286,34.34,33.610881388996475
86,43,5,0.0083497534803387,-4.002862761360689,34.34,33.610881388996475
86,44,4,0.008325819432408,-6.639458693294202,34.34,33.610881388996475
86,45,3,0.0083015742143453,-9.31148108347729,34.34,33.610881388996475
86,46,2,0.0082770212097253,-12.01860279328578,34.34,33.610881388996475
86,47,1,0.0082521637107081,-14.760506798401565,34.34,33.610881388996475
86,48,0,0.008227004922813,-17.536885666141657,34.34,33.610881388996475
87,46,29,0.0086120396335385,24.817459898128366,34.34,33.610881388996475
87,47,28,0.0086001493686416,23.513838044554845,34.34,33.610881388996475
87,48,27,0.0085881550419223,22.198529701781986,34.34,33.610881388996475
87,49,26,0.0085760580155101,20.87167685925996,34.34,33.610881388996475
87,50,25,0.0085638596090875,19.53341690565777,34.34,33.610881388996475
87,51,24,0.0085515611020852,18.18388286738731,34.34,33.610881388996475
87,52,23,0.0085391637357225,16.82320363030565,34.34,33.610881388996475
87,53,22,0.0085266687149065,15.451504146084375,34.34,33.610881388996475
87,54,21,0.0085140772100036,14.068905624576153,34.34,33.610881388996475
87,55,20,0.0085013903584913,12.675525713373304,34.34,33.610881388996475
87,56,19,0.0084886092665039,11.271478665628123,34.34,33.610881388996475
87,57,18,0.0084757350102782,9.856875497098414,34.34,33.610881388996475
87,58,17,0.008462768637508,8.431824133289581,34.34,33.610881388996475
87,59,16,0.0084497111686153,6.996429547477341,34.34,33.610881388996475
87,60,15,0.0084365635979435,5.550793890320932,34.34,33.610881388996475
87,61,14,0.0084233268948798,4.095016611714961,34.34,33.610881388996475
87,62,13,0.0084100020049111,2.6291945754583566,34.34,33.610881388996475
87,63,12,0.0083965898506189,1.1534221672805813,34.34,33.610881388996475
87,64,11,0.0083830913326177,-0.33220860329632274,34.34,33.610881388996475
87,65,10,0.0083695073304405,-1.8276080068118858,34.34,33.610881388996475
87,66,9,0.0083558387033755,-3.3326885030395914,34.34,33.610881388996475
87,67,8,0.0083420862912575,-4.847364655099874,34.34,33.610881388996475
87,68,7,0.0083282509152165,-6.371553048180964,34.34,33.610881388996475
87,69,6,0.0083143333783872,-7.905172212552273,34.34,33.610881388996475
87,70,5,0.0083003344665817,-9.448142550586617,34.34,33.610881388996475
87,71,4,0.0082862549489268,-11.000386267526252,34.34,33.610881388996475
87,72,3,0.0082720955784708,-12.561827305753454,34.34,33.610881388996475
87,73,2,0.0082578570927579,-14.132391282336243,34.34,33.610881388996475
87,74,1,0.0082435402143767,-15.712005429651512,34.34,33.610881388996475
87,75,0,0.0082291456514801,-17.300598538885808,34.34,33.610881388996475
88,35,23,0.0086212479462732,25.826850554275453,36.54666666666667,35.507881388996466
88,36,22,0.0086059090657051,24.145352432130615,34.34,33.610881388996475
88,37,21,0.0085903909367673,22.443741017383385,34.34,33.610881388996475
88,38,20,0.0085746965618645,20.722329124554083,34.34,33.610881388996475
88,39,19,0.0085588288233407,18.981416549519025,34.34,33.610881388996475
88,40,18,0.0085427904914256,17.221290933232737,34.34,33.610881388996475
88,41,17,0.0085265842314689,15.442228547862172,34.34,33.610881388996475
88,42,16,0.0085102126105407,13.644495014027818,34.34,33.610881388996475
88,43,15,0.0084936781034674,11.828345956700993,34.34,33.610881388996475
88,44,14,0.0084769830983646,9.994027606316031,34.34,33.610881388996475
88,45,13,0.0084601299017183,8.141777350816561,34.34,33.610881388996475
88,46,12,0.0084431207430613,6.271824243655544,34.34,33.610881388996475
88,47,11,0.0084259577792844,4.384389472141621,34.34,33.610881388996475
88,48,10,0.0084086430986194,2.4796867900147745,34.34,33.610881388996475
88,49,9,0.0083911787243239,0.5579229176746736,34.34,33.610881388996475
88,50,8,0.0083735666180968,-1.3807020869105315,34.34,33.610881388996475
88,51,7,0.0083558086832488,-3.33599448391184,34.34,33.610881388996475
88,52,6,0.0083379067676502,-5.307766531576654,34.34,33.610881388996475
88,53,5,0.008319862666475,-7.295836188246739,34.34,33.610881388996475
88,54,4,0.0083016781247605,-9.300026834549215,34.34,33.610881388996475
88,55,3,0.0082833548397959,-11.320167014043172,34.34,33.610881388996475
88,56,2,0.008264894463356,-13.356090190780165,34.34,33.610881388996475
88,57,1,0.0082462986037919,-15.40763452239436,34.34,33.610881388996475
88,58,0,0.0082275688279903,-17.474642647468357,34.34,33.610881388996475
89,27,17,0.0086420366203983,28.105046503785253,36.90904744928086,33.42199113367423
89,28,16,0.008621510216222,25.855597483125045,37.79666666666667,35.507881388996466
89,29,15,0.0086005856005514,23.561670365219207,34.34,33.610881388996475
89,30,14,0.0085792696035974,21.223965034899997,34.34,33.610881388996475
89,31,13,0.0085575687427903,18.843147173188207,34.34,33.610881388996475
89,32,12,0.0085354892478257,16.419850988876128,34.34,33.610881388996475
89,33,11,0.0085130370829803,13.954681652615442,34.34,33.610881388996475
89,34,10,0.0084902179670708,11.448217474023572,34.34,33.610881388996475
89,35,9,0.0084670373913656,8.901011855764857,34.34,33.610881388996475
89,36,8,0.0084435006357143,6.313595053234614,34.34,33.610881388996475
89,37,7,0.0084196127831146,3.6864757640853583,34.34,33.610881388996475
89,38,6,0.0083953787329095,1.020142568246932,34.34,33.610881388996475
89,39,5,0.0083708032127741,-1.6849347639049128,34.34,33.610881388996475
89,40,4,0.0083458907896321,-4.428304080061473,34.34,33.610881388996475
89,41,3,0.0083206458796227,-7.20952975808909,34.34,33.610881388996475
89,42,2,0.0082950727572207,-10.028191710398403,34.34,33.610881388996475
89,43,1,0.0082691755636017,-12.883884470727537,34.34,33.610881388996475
89,44,0,0.0082429583143294,-15.776216354743426,34.34,33.610881388996475
90,36,23,0.0086257692383868,26.322402481379044,31.736178425178423,34.16769758530283
90,37,22,0.0086106485840806,24.664962505401967,34.34,33.610881388996475
90,38,21,0.0085953379409905,22.986246159264976,34.34,33.610881388996475
90,39,20,0.0085798401796506,21.286551043129826,34.34,33.610881388996475
90,40,19,0.008564158062619,19.566163021433,34.34,33.610881388996475
90,41,18,0.0085482942513389,17.825356969368784,34.34,33.610881388996475
90,42,17,0.008532251312405,16.064397454727192,34.34,33.610881388996475
90,43,16,0.0085160317233008,14.283539362100953,34.34,33.610881388996475
90,44,15,0.0084996378776624,12.483028465565269,34.34,33.610881388996475
90,45,14,0.0084830720901179,10.663101955167598,34.34,33.610881388996475
90,46,13,0.0084663366007455,8.823988921903243,34.34,33.610881388996475
90,47,12,0.0084494335791873,6.965910805281332,34.34,33.610881388996475
90,48,11,0.0084323651284537,5.08908180711385,34.34,33.610881388996475
90,49,10,0.0084151332884457,3.1937092747239078,34.34,33.610881388996475
90,50,9,0.0083977400392234,1.279994056418353,34.34,33.610881388996475
90,51,8,0.0083801873040417,-0.6518691682513591,34.34,33.610881388996475
90,52,7,0.0083624769521762,-2.60169158118849,34.34,33.610881388996475
90,53,6,0.0083446108015557,-4.569289939405806,34.34,33.610881388996475
90,54,5,0.0083265906212187,-6.554486307831262,34.34,33.610881388996475
90,55,4,0.0083084181336093,-8.55710780965422,34.34,33.610881388996475
90,56,3,0.0082900950167249,-10.576986392759771,34.34,33.610881388996475
90,57,2,0.0082716229061276,-12.613958610945957,34.34,33.610881388996475
90,58,1,0.0082530033968316,-14.66786541874275,34.34,33.610881388996475
90,59,0,0.0082342380450745,-16.738551978766537,34.34,33.610881388996475
91,27,17,0.0086451103880515,28.441824664462118,27.753641571335667,32.03596892739318
91,28,16,0.0086244955806688,26.182808437142672,33.863059377559374,34.16769758530283
91,29,15,0.0086034704684273,23.877983490541375,34.34,33.610881388996475
91,30,14,0.0085820418882093,21.52804869024688,34.34,33.610881388996475
91,31,13,0.0085602163679448,19.133669066213812,34.34,33.610881388996475
91,32,12,0.0085380001512419,16.695478500269843,34.34,33.610881388996475
91,33,11,0.0085153992193411,14.214082122035528,34.34,33.610881388996475
91,34,10,0.0084924193107585,11.690058452857045,34.34,33.610881388996475
91,35,9,0.0084690659389232,9.123961330948553,34.34,33.610881388996475
91,36,8,0.0084453444080634,6.516321645745606,34.34,33.610881388996475
91,37,7,0.0084212598275619,3.8676489051944145,34.34,33.610881388996475
91,38,6,0.0083968171249639,1.1784326561880007,34.34,33.610881388996475
91,39,5,0.0083720210577972,-1.550856224556334,34.34,33.610881388996475
91,40,4,0.0083468762243409,-4.319764354317272,34.34,33.610881388996475
91,41,3,0.00832138707346,-7.127854770059457,34.34,33.610881388996475
91,42,2,0.0082955579136076,-9.97470594488567,34.34,33.610881388996475
91,43,1,0.0082693929210846,-12.859910885585897,34.34,33.610881388996475
91,44,0,0.0082428961476322,-15.783076302853573,34.34,33.610881388996475
92,30,19,0.0086287047307686,26.64412316902026,29.715226044226046,30.881234111876168
92,31,18,0.0086102180468123,24.61776298547444,34.34,33.610881388996475
92,32,17,0.0085914355387932,22.558299541850474,34.34,33.610881388996475
92,33,16,0.0085723622392507,20.46625196489604,34.34,33.610881388996475
92,34,15,0.0085530029626208,18.34211562787946,34.34,33.610881388996475
92,35,14,0.0085333623213901,16.186363909743918,34.34,33.610881388996475
92,36,13,0.0085134447406229,13.999449777038599,34.34,33.610881388996475
92,37,12,0.0084932544710648,11.781807210955414,34.34,33.610881388996475
92,38,11,0.0084727956009992,9.533852498440211,34.34,33.610881388996475
92,39,10,0.0084520720670039,7.255985403588959,34.34,33.610881388996475
92,40,9,0.0084310876637359,4.948590233238555,34.34,33.610881388996475
92,41,8,0.0084098460528552,2.612036808730018,34.34,33.610881388996475
92,42,7,0.0083883507711813,0.24668135420998993,34.34,33.610881388996475
92,43,6,0.0083666052381668,-2.1471326895303733,34.34,33.610881388996475
92,44,5,0.0083446127627586,-4.5690739178419335,34.34,33.610881388996475
92,45,4,0.0083223765497104,-7.018822274775502,34.34,33.610881388996475
92,46,3,0.0082998997054015,-9.496068419396416,34.34,33.610881388996475
92,47,2,0.0082771852432105,-12.00051314057233,34.34,33.610881388996475
92,48,1,0.008254236088487,-14.53186681556545,34.34,33.610881388996475
92,49,0,0.0082310550831584,-17.089848908301022,34.34,33.610881388996475
93,29,19,0.0086454796150758,28.48227789239052,30.496419349113438,32.03596892739318
93,30,18,0.0086267915778684,26.434449548630266,30.650726044226047,32.77423411187617
93,31,17,0.0086077767363479,24.35011692642068,34.34,33.610881388996475
93,32,16,0.008588440517519,22.229838442856874,34.34,33.610881388996475
93,33,15,0.0085687881112854,20.074146634706914,34.34,33.610881388996475
93,34,14,0.0085488244883795,17.883550112587976,34.34,33.610881388996475
93,35,13,0.0085285544164459,15.658535313963014,34.34,33.610881388996475
93,36,12,0.0085079824745154,13.399568080865862,34.34,33.610881388996475
93,37,11,0.0084871130660721,11.107095084307005,34.34,33.610881388996475
93,38,10,0.0084659504308854,8.781545114028724,34.34,33.610881388996475
93,39,9,0.0084444986557512,6.423330249576509,34.34,33.610881388996475
93,40,8,0.0084227616842712,4.032846926390945,34.34,33.610881388996475
93,41,7,0.0084007433257764,1.6104769087434292,34.34,33.610881388996475
93,42,6,0.0083784472634896,-0.8434118202578063,34.34,33.610881388996475
93,43,5,0.0083558770620088,-3.328464242703653,34.34,33.610881388996475
93,44,4,0.008333036174182,-5.844337556207165,34.34,33.610881388996475
93,45,3,0.0083099279474362,-8.390700483740872,34.34,33.610881388996475
93,46,2,0.0082865556296144,-10.967232637034002,34.34,33.610881388996475
93,47,1,0.0082629223743697,-13.573623928291951,34.34,33.610881388996475
93,48,0,0.0082390312461584,-16.20957402561497,34.34,33.610881388996475
94,26,17,0.0086470228570267,28.65135561878643,29.930148083342175,32.53120702263128
94,27,16,0.0086257518982586,26.32050200861421,31.79617842517842,34.16769758530283
94,28,15,0.0086040288394116,23.939204561678217,34.34,33.610881388996475
94,29,14,0.0085818612162473,21.50823177381123,34.34,33.610881388996475
94,30,13,0.0085592562174378,19.028314054089286,34.34,33.610881388996475
94,31,12,0.0085362207130247,16.500146832314762,34.34,33.610881388996475
94,32,11,0.0085127612796999,13.924393319872372,34.34,33.610881388996475
94,33,10,0.0084888842233513,11.301686972359356,34.34,33.610881388996475
94,34,9,0.0084645955992458,8.63263369434727,34.34,33.610881388996475
94,35,8,0.008439901230157,5.917813820143955,34.34,33.610881388996475
94,36,7,0.0084148067227034,3.1577838991173977,34.34,33.610881388996475
94,37,6,0.0083893174821159,0.35307830980632815,34.34,33.610881388996475
94,38,5,0.0083634387256262,-2.495789276537053,34.34,33.610881388996475
94,39,4,0.0083371754946367,-5.388324565305993,34.34,33.610881388996475
94,40,3,0.0083105326658128,-8.324051425600288,34.34,33.610881388996475
94,41,2,0.0082835149612159,-11.302510781878546,34.34,33.610881388996475
94,42,1,0.0082561269575834,-14.323259598826695,34.34,33.610881388996475
94,43,0,0.0082283730948444,-17.385869949557247,34.34,33.610881388996475
95,53,34,0.0086125395816923,24.872267092049047,34.34,33.610881388996475
95,54,33,0.0086022514890671,23.744329709489822,34.34,33.610881388996475
95,55,32,0.0085918851841412,22.607610213706803,34.34,33.610881388996475
95,56,31,0.0085814415603189,21.46220177288423,34.34,33.610881388996475
95,57,30,0.008570921486639,20.308194914207625,34.34,33.610881388996475
95,58,29,0.0085603258088798,19.14567764393014,34.34,33.610881388996475
95,59,28,0.0085496553505959,17.97473555999146,34.34,33.610881388996475
95,60,27,0.0085389109140912,16.79545195778013,34.34,33.610881388996475
95,61,26,0.0085280932813341,15.607907929555921,34.34,33.610881388996475
95,62,25,0.008517203214819,14.412182458013305,34.34,33.610881388996475
95,63,24,0.0085062414583775,13.208352504424973,34.34,33.610881388996475
95,64,23,0.0084952087379434,11.996493091751105,34.34,33.610881388996475
95,65,22,0.0084841057622752,10.776677383087588,34.34,33.610881388996475
95,66,21,0.0084729332236382,9.548976755772713,34.34,33.610881388996475
95,67,20,0.0084616917984496,8.313460871461537,34.34,33.610881388996475
95,68,19,0.0084503821478894,7.07019774244111,34.34,33.610881388996475
95,69,18,0.0084390049184788,5.819253794442787,34.34,33.610881388996475
95,70,17,0.0084275607426281,4.560693926182253,34.34,33.610881388996475
95,71,16,0.0084160502391574,3.2945815658456894,34.34,33.610881388996475
95,72,15,0.0084044740137904,2.0209787247159454,34.34,33.610881388996475
95,73,14,0.0083928326596234,0.7399460481247715,34.34,33.610881388996475
95,74,13,0.0083811267575717,-0.5484571361034654,34.34,33.610881388996475
95,75,12,0.0083693568767945,-1.8441727715588456,34.34,33.610881388996475
95,76,11,0.0083575235750986,-3.1471440293602555,34.34,33.610881388996475
95,77,10,0.0083456273993242,-4.457315266344615,34.34,33.610881388996475
95,78,9,0.0083336688857117,-5.774631985205218,34.34,33.610881388996475
95,79,8,0.0083216485602523,-7.0990407964663405,34.34,33.610881388996475
95,80,7,0.0083095669390224,-8.430489382185307,34.34,33.610881388996475
95,81,6,0.008297424528503,-9.768926461286348,34.34,33.610881388996475
95,82,5,0.0082852218258853,-11.11430175642748,34.34,33.610881388996475
95,83,4,0.0082729593193622,-12.466565962322655,34.34,33.610881388996475
95,84,3,0.0082606374884081,-13.82567071543069,34.34,33.610881388996475
95,85,2,0.0082482568040461,-15.191568564941875,34.34,33.610881388996475
95,86,1,0.0082358177291042,-16.564212944990444,34.34,33.610881388996475
95,87,0,0.0082233207184609,-17.943558148025318,34.34,33.610881388996475
96,59,38,0.0086256697312403,26.311496520599515,32.226178425178425,34.16769758530283
96,60,37,0.0086162799548167,25.282292974588145,34.34,33.610881388996475
96,61,36,0.008606814261602,24.24459560208294,34.34,33.610881388996475
96,62,35,0.0085972733367575,23.198475275135316,34.34,33.610881388996475
96,63,34,0.0085876578495524,22.144001136168708,34.34,33.610881388996475
96,64,33,0.0085779684539985,21.081240667086877,34.34,33.610881388996475
96,65,32,0.0085682057894508,20.01025975458002,34.34,33.610881388996475
96,66,31,0.008558370481174,18.931122751893305,34.34,33.610881388996475
96,67,30,0.0085484631408803,17.843892537300363,34.34,33.610881388996475
96,68,29,0.0085384843672378,16.74863056950379,34.34,33.610881388996475
96,69,28,0.0085284347463532,15.64539694016753,34.34,33.610881388996475
96,70,27,0.0085183148522301,14.534250423770935,34.34,33.610881388996475
96,71,26,0.0085081252472033,13.415248524952304,34.34,33.610881388996475
96,72,25,0.0084978664823525,12.288447523509724,34.34,33.610881388996475
96,73,24,0.0084875390978953,11.15390251719846,34.34,33.610881388996475
96,74,23,0.0084771436235617,10.011667462467628,34.34,33.610881388996475
96,75,22,0.0084666805789499,8.861795213257288,34.34,33.610881388996475
96,76,21,0.0084561504738668,7.704337557977837,34.34,33.610881388996475
96,77,20,0.0084455538086511,6.539345254774624,34.34,33.610881388996475
96,78,19,0.008434891074483,5.366868065182217,34.34,33.610881388996475
96,79,18,0.0084241627536793,4.186954786261104,34.34,33.610881388996475
96,80,17,0.0084133693199754,2.999653281302301,34.34,33.610881388996475
96,81,16,0.0084025112387948,1.805010509180974,34.34,33.610881388996475
96,82,15,0.0083915889675075,0.6030725524375811,34.34,33.610881388996475
96,83,14,0.0083806029556763,-0.6061153558488286,34.34,33.610881388996475
96,84,13,0.0083695536452938,-1.8225088063240733,34.34,33.610881388996475
96,85,12,0.0083584414710084,-3.046064188700427,34.34,33.610881388996475
96,86,11,0.0083472668603419,-4.276738668119698,34.34,33.610881388996475
96,87,10,0.0083360302338973,-5.5144901624821046,34.34,33.610881388996475
96,88,9,0.008324732005559,-6.7592773206918935,34.34,33.610881388996475
96,89,8,0.0083133725826846,-8.011059501772898,34.34,33.610881388996475
96,90,7,0.0083019523662893,-9.269796754807892,34.34,33.610881388996475
96,91,6,0.0082904717512224,-10.535449799664697,34.34,33.610881388996475
96,92,5,0.0082789311263382,-11.807980008463467,34.34,33.610881388996475
96,93,4,0.0082673308746597,-13.087349387756177,34.34,33.610881388996475
96,94,3,0.0082556713735355,-14.373520561377006,34.34,33.610881388996475
96,95,2,0.0082439529947921,-15.666456753935961,34.34,33.610881388996475
96,96,1,0.0082321761048799,-16.966121774922016,34.34,33.610881388996475
96,97,0,0.0082203410650132,-18.272480003390626,34.34,33.610881388996475
97,42,27,0.0086326658850973,27.07822675354844,35.292660512059996,33.794269739871076
97,43,26,0.0086196267214106,25.64914811230143,39.71,36.86288138899647
97,44,25,0.0086064325243247,24.202743178162304,34.34,33.610881388996475
97,45,24,0.0085930851449851,22.739202842207092,34.34,33.610881388996475
97,46,23,0.0085795863765447,21.258711671464695,34.34,33.610881388996475
97,47,22,0.0085659379573148,19.76144825217325,34.34,33.610881388996475
97,48,21,0.0085521415736804,18.247585507456947,34.34,33.610881388996475
97,49,20,0.0085381988628026,16.71729099182059,34.34,33.610881388996475
97,50,19,0.0085241114151288,15.170727164601509,34.34,33.610881388996475
97,51,18,0.0085098807767259,13.608051644270319,34.34,33.610881388996475
97,52,17,0.0084955084514543,12.029417445276053,34.34,33.610881388996475
97,53,16,0.0084809959029945,10.43497319894702,34.34,33.610881388996475
97,54,15,0.0084663445567409,8.824863359803075,34.34,33.610881388996475
97,55,14,0.0084515558015721,7.199228398496324,34.34,33.610881388996475
97,56,13,0.0084366309915085,5.558204982477385,34.34,33.610881388996475
97,57,12,0.008421571447267,3.9019261453695364,34.34,33.610881388996475
97,58,11,0.0084063784577191,2.2305214459501173,34.34,33.610881388996475
97,59,10,0.0083910532812625,0.5441171175392228,34.34,33.610881388996475
97,60,9,0.0083755971471096,-1.157163791466047,34.34,33.610881388996475
97,61,8,0.0083600112565027,-2.8732012852533018,34.34,33.610881388996475
97,62,7,0.0083442967838578,-4.603878295842328,34.34,33.610881388996475
97,63,6,0.0083284548778452,-6.3490805653704,34.34,33.610881388996475
97,64,5,0.0083124866624092,-8.108696534911793,34.34,33.610881388996475
97,65,4,0.0082963932377324,-9.882617239372536,34.34,33.610881388996475
97,66,3,0.0082801756811485,-11.670736208037525,34.34,33.610881388996475
97,67,2,0.0082638350480057,-13.47294937038815,34.34,33.610881388996475
97,68,1,0.0082473723724862,-15.28915496683264,34.34,33.610881388996475
97,69,0,0.0082307886683826,-17.119253464027636,34.34,33.610881388996475
98,47,31,0.0086464601067555,28.589701181603502,25.43937295106704,31.1895403559646
98,48,30,0.0086348266778083,27.315015611894452,37.25697175637124,33.794269739871076
98,49,29,0.0086230580443913,26.02524938489686,36.63675757575757,34.16769758530283
98,50,28,0.0086111555220244,24.720537321640954,34.34,33.610881388996475
98,51,27,0.0085991203906764,23.401010349692832,34.34,33.610881388996475
98,52,26,0.0085869538964791,22.06679569017419,34.34,33.610881388996475
98,53,25,0.0085746572533275,20.718017032354055,34.34,33.610881388996475
98,54,24,0.0085622316443744,19.354794696859837,34.34,33.610881388996475
98,55,23,0.0085496782234313,17.977245788445963,34.34,33.610881388996475
98,56,22,0.0085369981162794,16.585484339167508,34.34,33.610881388996475
98,57,21,0.0085241924219003,15.179621442724624,34.34,33.610881388996475
98,58,20,0.0085112622136327,13.759765380664383,34.34,33.610881388996475
98,59,19,0.0084982085402589,12.326021741071514,34.34,33.610881388996475
98,60,18,0.0084850324270287,10.878493530311054,34.34,33.610881388996475
98,61,17,0.008471734876624,9.41728127834093,34.34,33.610881388996475
98,62,16,0.0084583168700683,7.942483138065533,34.34,33.610881388996475
98,63,15,0.008444779367586,6.454194979155126,34.34,33.610881388996475
98,64,14,0.0084311233094146,4.952510476727056,34.34,33.610881388996475
98,65,13,0.0084173496165724,3.437521195243498,34.34,33.610881388996475
98,66,12,0.0084034591915866,1.9093166679545206,34.34,33.610881388996475
98,67,11,0.0083894529191816,0.3679844721867056,34.34,33.610881388996475
98,68,10,0.0083753316669335,-1.1863896992448772,34.34,33.610881388996475
98,69,9,0.0083610962858899,-2.7537219702488613,34.34,33.610881388996475
98,70,8,0.0083467476111598,-4.333930217059212,34.34,33.610881388996475
98,71,7,0.0083322864624738,-5.926934007012257,34.34,33.610881388996475
98,72,6,0.0083177136447169,-7.532654540295383,34.34,33.610881388996475
98,73,5,0.0083030299484362,-9.151014594490718,34.34,33.610881388996475
98,74,4,0.0082882361503241,-10.781938471735124,34.34,33.610881388996475
98,75,3,0.0082733330136796,-12.42535194834705,34.34,33.610881388996475
98,76,2,0.0082583212888474,-14.081182226767211,34.34,33.610881388996475
98,77,1,0.0082432017136381,-15.749357889680141,34.34,33.610881388996475
98,78,0,0.0082279750137284,-17.42980885619366,34.34,33.610881388996475
99,51,33,0.0086333159660643,27.14946634090125,32.357916922316406,33.794269739871076
99,52,32,0.0086225351398124,25.967936205203994,31.916757575757575,34.16769758530283
99,53,31,0.0086116512963995,24.77488781221135,34.34,33.610881388996475
99,54,30,0.0086006654833865,23.570429385092417,34.34,33.610881388996475
99,55,29,0.0085895787206818,22.354666135116975,34.34,33.610881388996475
99,56,28,0.0085783920018034,21.127700398979243,34.34,33.610881388996475
99,57,27,0.00856710629506,19.889631767510593,34.34,33.610881388996475
99,58,26,0.0085557225446607,18.640557206458226,34.34,33.610881388996475
99,59,25,0.0085442416717562,17.380571169954635,34.34,33.610881388996475
99,60,24,0.0085326645754195,16.109765707231006,34.34,33.610881388996475
99,61,23,0.0085209921335679,14.828230563085391,34.34,33.610881388996475
99,62,22,0.0085092252038327,13.536053272571245,34.34,33.610881388996475
99,63,21,0.0084973646243792,12.233319250320214,34.34,33.610881388996475
99,64,20,0.0084854112146815,10.920111874891226,34.34,33.610881388996475
99,65,19,0.0084733657762546,9.596512568490276,34.34,33.610881388996475
99,66,18,0.0084612290933462,8.262600872388361,34.34,33.610881388996475
99,67,17,0.0084490019335932,6.918454518326563,34.34,33.610881388996475
99,68,16,0.0084366850486427,5.564149496182047,34.34,33.610881388996475
99,69,15,0.0084242791747411,4.199760118140915,34.34,33.610881388996475
99,70,14,0.0084117850332936,2.8253590796086385,34.34,33.610881388996475
99,71,13,0.0083992033313953,1.4410175170669817,34.34,33.610881388996475
99,72,12,0.0083865347623363,0.04680506307084897,34.34,33.610881388996475
99,73,11,0.0083737800060822,-1.3572101014332887,34.34,33.610881388996475
99,74,10,0.0083609397297309,-2.7709611973051267,34.34,33.610881388996475
99,75,9,0.0083480145879488,-4.194382799767617,34.34,33.610881388996475
99,76,8,0.0083350052233858,-5.627410793184225,34.34,33.610881388996475
99,77,7,0.0083219122670713,-7.069982327922851,34.34,33.610881388996475
99,78,6,0.0083087363387922,-8.522035779184911,34.34,33.610881388996475
99,79,5,0.008295478047454,-9.983510707685518,34.34,33.610881388996475
99,80,4,0.0082821379914261,-11.454347822079924,34.34,33.610881388996475
99,81,3,0.008268716758871,-12.934488943036882,34.34,33.610881388996475
99,82,2,0.0082552149280605,-14.423876968866736,34.34,33.610881388996475
99,83,1,0.0082416330676774,-15.922455842620352,34.34,33.610881388996475
99,84,0,0.0082279717371051,-17.430170520578883,34.34,33.610881388996475
100,44,28,0.0086328539064327,27.098831289932782,34.42266051206,33.794269739871076
100,45,27,0.0086203489167885,25.72830856888738,39.83,36.86288138899647
100,46,26,0.0086077000987734,24.341714799348274,34.34,33.610881388996475
100,47,25,0.0085949090741776,22.939217057200253,34.34,33.610881388996475
100,48,24,0.0085819774164398,21.520977142777713,34.34,33.610881388996475
100,49,23,0.0085689066531576,20.087151854516147,34.34,33.610881388996475
100,50,22,0.0085556982684197,18.63789324308216,34.34,33.610881388996475
100,51,21,0.0085423537049749,17.17334884773947,34.34,33.610881388996475
100,52,20,0.0085288743662516,15.693661916518494,34.34,33.610881388996475
100,53,19,0.008515261618243,14.198971611590046,34.34,33.610881388996475
100,54,18,0.0085015167912663,12.689413201100152,34.34,33.610881388996475
100,55,17,0.0084876411816096,11.16511823859529,34.34,33.610881388996475
100,56,16,0.008473636053073,9.62621473105068,34.34,33.610881388996475
100,57,15,0.0084595026384141,8.072827296418545,34.34,33.610881388996475
100,58,14,0.0084452421407049,6.505077311521752,34.34,33.610881388996475
100,59,13,0.0084308557346067,4.923083051045957,34.34,33.610881388996475
100,60,12,0.0084163445675696,3.3269598183009066,34.34,33.610881388996475
100,61,11,0.0084017097609626,1.716820068377082,34.34,33.610881388996475
100,62,10,0.008386952411138,0.09277352424824414,34.34,33.610881388996475
100,63,9,0.0083720735904371,-1.5450727136579019,34.34,33.610881388996475
100,64,8,0.0083570743481389,-3.1966140639650718,34.34,33.610881388996475
100,65,7,0.0083419557113581,-4.861748366496016,34.34,33.610881388996475
100,66,6,0.0083267186858942,-6.540375789674151,34.34,33.610881388996475
100,67,5,0.0083113642570357,-8.232398742823818,34.34,33.610881388996475
100,68,4,0.0082958933903228,-9.937721793036388,34.34,33.610881388996475
100,69,3,0.0082803070322706,-11.656251586303355,34.34,33.610881388996475
100,70,2,0.0082646061110557,-13.38789677263918,34.34,33.610881388996475
100,71,1,0.0082487915371687,-15.132567934934002,34.34,33.610881388996475
100,72,0,0.0082328642040348,-16.89017752130448,34.34,33.610881388996475
